emp_no,first_name,last_name,birth_date,from_date,to_date,title
" 10,095 ",Hilari,Morton,1/3/65,3/10/94,1/1/99,Senior Staff
" 10,122 ",Ohad,Esposito,1/19/65,8/6/98,1/1/99,Technique Leader
" 10,291 ",Dipayan,Seghrouchni,1/23/65,3/30/87,1/1/99,Senior Staff
" 10,476 ",Kokou,Iisaka,1/1/65,9/20/87,1/1/99,Senior Staff
" 10,663 ",Teunis,Noriega,1/9/65,1/23/93,2/12/99,Technique Leader
" 10,762 ",Lech,Himler,1/19/65,1/21/92,1/1/99,Senior Staff
" 10,933 ",Juyoung,Seghrouchni,1/24/65,8/2/93,1/1/99,Senior Engineer
" 12,155 ",Keiichiro,Glinert,1/21/65,9/16/93,1/1/99,Senior Engineer
" 12,408 ",Rasiah,Sudkamp,1/10/65,4/18/95,1/1/99,Senior Engineer
" 12,643 ",Morrie,Schurmann,1/30/65,12/31/98,1/1/99,Staff
" 13,499 ",Kazuhiko,Sidou,1/16/65,9/1/91,1/1/99,Technique Leader
" 14,075 ",Denny,Tchuente,1/3/65,5/30/91,1/1/99,Engineer
" 14,104 ",Sudhanshu,Demian,1/3/65,7/23/94,1/1/99,Senior Staff
" 14,127 ",Magdalena,Cannard,1/10/65,4/22/94,1/1/99,Senior Engineer
" 14,158 ",Caolyn,Setiz,1/22/65,2/6/90,1/1/99,Senior Staff
" 14,476 ",Sastry,Marrevee,1/19/65,9/25/99,1/1/99,Engineer
" 14,907 ",Nakhoon,Luga,1/14/65,12/18/86,1/1/99,Senior Staff
" 15,050 ",Nikolaos,Kruskal,1/18/65,12/17/90,1/1/99,Senior Engineer
" 15,058 ",Bouchung,Bugrara,1/30/65,6/18/90,1/1/99,Senior Staff
" 15,413 ",Arvin,Rabejac,1/17/65,1/1/94,1/1/99,Senior Engineer
" 16,461 ",Remmert,Schahn,1/14/65,9/6/86,1/1/99,Senior Staff
" 16,528 ",Gaurav,Swick,1/21/65,5/7/96,1/1/99,Engineer
" 17,013 ",Morris,Garigliano,1/15/65,5/24/95,1/1/99,Senior Staff
" 17,206 ",Berry,DeMori,1/2/65,12/27/92,1/1/99,Senior Engineer
" 17,369 ",Yaghout,Kenevan,1/31/65,9/15/00,1/1/99,Senior Engineer
" 17,447 ",Zengping,Boreale,1/11/65,12/16/98,1/1/99,Staff
" 17,731 ",Gennady,Roison,1/16/65,12/6/89,1/1/99,Engineer
" 17,970 ",Filipp,Carrere,1/6/65,1/9/89,1/1/99,Technique Leader
" 17,988 ",Mabhin,Calkin,1/31/65,11/30/89,1/1/99,Senior Engineer
" 18,021 ",Adil,Matzke,1/7/65,5/8/87,1/1/99,Senior Engineer
" 18,424 ",Filipp,Rousseau,1/19/65,6/7/95,1/1/99,Senior Engineer
" 18,583 ",Stafford,Honglei,1/3/65,8/16/98,1/1/99,Staff
" 18,617 ",Surveyors,Crouzet,1/21/65,4/24/89,1/1/99,Senior Staff
" 18,810 ",Taiji,Jarecki,1/9/65,6/27/91,1/1/99,Senior Engineer
" 19,236 ",Elzbieta,Morris,1/24/65,7/12/88,1/1/99,Senior Engineer
" 19,350 ",Satoru,Yoshizawa,1/19/65,3/27/94,1/1/99,Senior Staff
" 19,803 ",Ziva,Kowalchuk,1/30/65,6/13/87,1/1/99,Senior Engineer
" 20,100 ",Utz,Heuter,1/18/65,6/15/86,1/1/99,Senior Staff
" 20,128 ",Kazunori,Peak,1/23/65,8/13/99,1/1/99,Senior Staff
" 20,129 ",Rafael,Skafidas,1/10/65,3/28/91,1/1/99,Senior Engineer
" 20,248 ",Vidar,Demri,1/12/65,12/31/99,1/1/99,Staff
" 20,313 ",Candida,Benveniste,1/24/65,1/20/99,1/1/99,Engineer
" 20,500 ",Christoph,Trystram,1/30/65,10/15/93,1/1/99,Senior Staff
" 20,885 ",Otmar,Rothenberg,1/21/65,3/14/89,1/1/99,Senior Engineer
" 21,181 ",Jianhui,Cangellaris,1/21/65,10/6/91,1/1/99,Engineer
" 21,188 ",Piyush,Danecki,1/21/65,1/8/00,1/1/99,Engineer
" 21,546 ",Yongmin,Lanteri,1/1/65,3/19/02,1/1/99,Senior Staff
" 21,843 ",Karsten,Azadmanesh,1/9/65,11/29/85,1/1/99,Senior Engineer
" 21,909 ",Mohammed,Brizzi,1/4/65,12/28/91,1/1/99,Senior Staff
" 22,185 ",Huai,Birch,1/29/65,6/12/02,1/1/99,Engineer
" 22,415 ",Perla,Jumpertz,1/20/65,8/24/94,1/1/99,Senior Staff
" 22,451 ",Jasminko,Bresenham,1/27/65,12/16/87,1/19/94,Senior Staff
" 22,455 ",Barry,Unno,1/6/65,11/16/90,1/1/99,Senior Staff
" 22,926 ",Manibrata,Genther,1/1/65,1/15/88,1/1/99,Senior Engineer
" 23,396 ",Hilari,Fairtlough,1/2/65,12/15/86,1/1/99,Technique Leader
" 24,080 ",Jaana,Perez,1/26/65,3/11/96,1/1/99,Technique Leader
" 24,205 ",Roddy,Rubsam,1/25/65,9/19/93,1/1/99,Senior Engineer
" 24,377 ",Lubomir,Wroclawski,1/25/65,7/25/93,1/1/99,Senior Engineer
" 24,394 ",Zhonghui,Conta,1/4/65,9/10/94,1/1/99,Staff
" 24,553 ",Anwar,Passafiume,1/12/65,1/30/87,1/1/99,Senior Staff
" 24,571 ",Cordelia,Gischer,1/20/65,3/14/89,1/1/99,Senior Engineer
" 25,488 ",Ingmar,Basawa,1/19/65,11/9/91,1/1/99,Senior Staff
" 26,629 ",Nevin,Rodham,1/28/65,12/14/98,1/1/99,Senior Staff
" 26,671 ",Jiakeng,Kalorkoti,1/21/65,12/25/94,1/1/99,Senior Engineer
" 26,788 ",Zongyan,Dalphin,1/25/65,4/23/88,1/1/99,Senior Engineer
" 27,331 ",Wanqing,Krohm,1/19/65,1/22/91,1/1/99,Senior Staff
" 27,378 ",Piyawadee,Leppanen,1/28/65,2/25/99,1/1/99,Senior Staff
" 27,620 ",Shuji,Kandlur,1/25/65,3/2/90,1/1/99,Senior Engineer
" 27,686 ",Manu,Rosiles,1/28/65,3/3/98,1/1/99,Senior Staff
" 27,699 ",Falguni,Pezzoli,1/15/65,12/23/96,1/1/99,Engineer
" 27,767 ",Tooru,Veldwijk,1/27/65,11/21/93,1/1/99,Senior Staff
" 28,193 ",Xinglin,Mitsuhashi,1/29/65,12/14/88,1/1/99,Senior Engineer
" 28,974 ",Chenxi,Sundgren,1/9/65,9/2/86,1/1/99,Senior Engineer
" 28,988 ",Tua,Giveon,1/18/65,9/9/98,1/1/99,Technique Leader
" 29,130 ",Xumin,Thorensen,1/6/65,4/26/98,1/1/99,Staff
" 29,265 ",Gilbert,Calkin,1/14/65,3/21/88,1/1/99,Senior Staff
" 29,380 ",Satoru,Vidal,1/30/65,5/2/98,1/1/99,Assistant Engineer
" 29,418 ",Valery,Mersereau,1/22/65,7/1/98,1/1/99,Assistant Engineer
" 29,679 ",Kolar,Steenbeek,1/17/65,10/18/86,1/1/99,Senior Engineer
" 29,782 ",Jouko,Hellwagner,1/29/65,10/23/00,1/1/99,Senior Engineer
" 29,954 ",Pranay,Giarratana,1/27/65,9/29/92,1/1/99,Senior Engineer
" 30,007 ",Kousuke,Vecchio,1/24/65,2/23/90,1/1/99,Senior Engineer
" 30,035 ",Tetsushi,Conta,1/8/65,7/4/95,1/1/99,Senior Staff
" 30,154 ",Mayuko,Skafidas,1/26/65,4/19/99,1/1/99,Technique Leader
" 30,182 ",Leon,Potthoff,1/26/65,12/8/85,1/1/99,Senior Engineer
" 30,465 ",Randi,Avouris,1/28/65,7/16/86,1/1/99,Senior Engineer
" 30,484 ",Sailaja,Chvatal,1/11/65,5/18/99,1/1/99,Staff
" 30,695 ",Gudjon,Majewski,1/8/65,10/26/99,1/1/99,Senior Engineer
" 30,938 ",Yakkov,Samarati,1/6/65,5/23/95,10/10/97,Senior Staff
" 31,147 ",Divine,Sidhu,1/4/65,7/5/89,1/1/99,Senior Staff
" 31,188 ",Leandro,Gist,1/12/65,2/3/93,1/1/99,Technique Leader
" 31,207 ",Abdelwaheb,Dulin,1/30/65,8/5/93,1/1/99,Senior Engineer
" 31,341 ",Oksana,Zultner,1/1/65,3/23/91,1/1/99,Senior Staff
" 31,514 ",Harngdar,Schapire,1/13/65,11/9/96,1/1/99,Senior Engineer
" 31,568 ",Mark,Lalonde,1/10/65,11/24/96,1/1/99,Staff
" 31,909 ",Murthy,Peek,1/10/65,10/30/00,1/1/99,Engineer
" 32,347 ",Terresa,Peres,1/8/65,9/15/90,1/1/99,Senior Staff
" 32,552 ",Atreye,Stanger,1/17/65,9/10/93,1/1/99,Engineer
" 32,649 ",Ingmar,Nannarelli,1/12/65,6/10/88,1/1/99,Senior Staff
" 32,714 ",Radoslaw,Maliniak,1/16/65,11/17/97,9/18/01,Staff
" 32,844 ",Tadahiko,Melton,1/23/65,1/7/95,1/1/99,Engineer
" 33,025 ",Jessie,Thorelli,1/12/65,12/16/99,1/1/99,Senior Staff
" 33,215 ",Steen,Fasbender,1/29/65,2/14/93,1/1/99,Technique Leader
" 33,722 ",Anwar,Collette,1/15/65,2/3/01,1/1/99,Senior Engineer
" 34,077 ",Angel,Sichman,1/8/65,11/16/88,1/1/99,Senior Staff
" 34,261 ",Kyoichi,Callaway,1/5/65,12/30/90,1/1/99,Senior Staff
" 34,446 ",Chinhyun,Bauknecht,1/31/65,12/19/86,1/1/99,Senior Engineer
" 34,452 ",Naftaly,Foong,1/8/65,5/10/91,1/1/99,Senior Engineer
" 34,505 ",Felicidad,Kumaresan,1/28/65,9/6/94,1/1/99,Senior Staff
" 34,533 ",Erzsebet,Shigei,1/10/65,1/21/91,1/16/95,Senior Engineer
" 34,780 ",Moni,Kohling,1/16/65,7/21/94,9/18/01,Staff
" 34,788 ",Ennio,Babu,1/27/65,8/31/94,1/1/99,Senior Engineer
" 34,936 ",Bokyung,Stamatiou,1/12/65,2/12/91,1/1/99,Technique Leader
" 35,044 ",Jiang,Waschkowski,1/4/65,5/27/89,1/1/99,Senior Engineer
" 35,087 ",Leif,Ashish,1/17/65,10/14/94,1/1/99,Senior Staff
" 35,441 ",Chandrasekaran,Peek,1/31/65,9/17/90,1/1/99,Senior Engineer
" 35,642 ",Ashish,Talmon,1/30/65,2/28/99,1/1/99,Senior Engineer
" 35,793 ",Oscar,Kusalik,1/1/65,5/11/91,1/1/99,Senior Staff
" 35,798 ",Ulf,Oberman,1/29/65,3/15/97,1/1/99,Senior Engineer
" 36,521 ",Serif,Gladwell,1/21/65,3/6/87,1/1/99,Senior Staff
" 36,626 ",Fen,Genin,1/2/65,5/9/86,1/1/99,Senior Staff
" 36,733 ",Uma,Reinhard,1/4/65,11/1/97,1/1/99,Staff
" 36,844 ",Hailing,Levergood,1/1/65,1/12/00,1/1/99,Staff
" 36,982 ",Kotesh,Rajala,1/22/65,6/23/92,1/1/99,Senior Engineer
" 37,070 ",Jeong,Undy,1/22/65,2/13/85,1/1/99,Senior Staff
" 37,945 ",Suzette,Butterworth,1/2/65,2/19/94,1/1/99,Senior Engineer
" 38,043 ",Michaela,Randi,1/5/65,11/23/85,1/1/99,Senior Engineer
" 38,103 ",Masasuke,Babu,1/12/65,3/31/88,1/1/99,Senior Engineer
" 38,168 ",Fumiko,Deverell,1/14/65,8/15/87,1/1/99,Senior Staff
" 38,550 ",JoAnne,Baez,1/14/65,2/16/87,1/1/99,Senior Engineer
" 38,593 ",Huei,Orsini,1/14/65,6/4/86,1/1/99,Senior Engineer
" 38,947 ",Shuichi,Ruemmler,1/25/65,3/8/91,4/8/98,Senior Staff
" 39,000 ",Martijn,Vendrig,1/8/65,3/3/97,1/1/99,Senior Staff
" 39,036 ",Changho,Cappelli,1/8/65,5/4/96,1/1/99,Staff
" 39,301 ",Rimon,Kawashima,1/7/65,2/6/92,1/1/99,Senior Staff
" 39,341 ",Mahmut,Lampe,1/1/65,5/11/85,1/1/99,Senior Engineer
" 39,952 ",Otmar,Sudbeck,1/2/65,7/22/98,1/1/99,Staff
" 40,269 ",Toshiki,Ghazalie,1/10/65,12/5/91,1/1/99,Senior Staff
" 40,283 ",Sudhanshu,Boissier,1/7/65,5/11/85,1/1/99,Senior Engineer
" 40,301 ",Spyrose,Felder,1/20/65,6/16/96,10/20/97,Senior Engineer
" 40,536 ",Harngdar,Bernardinello,1/20/65,2/29/88,1/1/99,Senior Engineer
" 40,765 ",Michaela,Ramsak,1/1/65,12/21/92,1/1/99,Senior Staff
" 40,773 ",Shimshon,Aingworth,1/9/65,4/13/86,1/1/99,Senior Staff
" 40,983 ",Marla,Cherinka,1/17/65,12/1/86,1/1/99,Technique Leader
" 41,114 ",Petter,Thummel,1/25/65,12/24/95,1/1/99,Technique Leader
" 41,137 ",Bikash,Buchter,1/20/65,11/23/87,1/8/96,Senior Staff
" 41,357 ",Willard,Vernadat,1/6/65,3/4/97,1/1/99,Engineer
" 41,518 ",Keung,Schapiro,1/11/65,4/19/98,2/8/01,Senior Engineer
" 41,520 ",Xiong,Uhrik,1/20/65,3/21/88,1/1/99,Senior Engineer
" 41,609 ",Yucai,Simmen,1/4/65,10/13/87,1/1/99,Senior Staff
" 42,778 ",Shuji,Remmers,1/19/65,12/18/87,1/1/99,Senior Staff
" 42,911 ",Brigham,Eterovic,1/29/65,10/8/94,1/1/99,Senior Engineer
" 42,950 ",Shaleah,Eickenmeyer,1/22/65,10/9/93,1/1/99,Senior Staff
" 42,955 ",Yucel,Lortz,1/12/65,2/21/95,1/1/99,Engineer
" 43,154 ",Maha,Waterhouse,1/13/65,7/4/97,1/1/99,Senior Staff
" 43,733 ",Huei,Boguraev,1/26/65,12/31/93,1/1/99,Senior Staff
" 43,848 ",Phillip,Oxenboll,1/11/65,5/26/99,1/1/99,Engineer
" 44,054 ",Alenka,Ritcey,1/18/65,2/9/97,1/1/99,Engineer
" 44,265 ",Maria,Eppinger,1/24/65,1/30/97,1/1/99,Engineer
" 44,540 ",Mingzeng,Sadowski,1/16/65,11/12/89,1/1/99,Senior Engineer
" 44,900 ",Mark,Schwaller,1/5/65,8/10/94,1/1/99,Senior Staff
" 44,959 ",Volkmar,Uhrik,1/21/65,1/16/88,1/1/99,Senior Engineer
" 44,962 ",Sariel,Wynblatt,1/16/65,5/18/96,1/1/99,Assistant Engineer
" 45,162 ",Dulce,Speel,1/11/65,10/19/87,1/1/99,Senior Engineer
" 46,000 ",Zhaofang,Penn,1/26/65,7/24/97,1/1/99,Senior Staff
" 46,328 ",Wuxu,Trogemann,1/5/65,1/27/97,1/1/99,Senior Staff
" 46,811 ",Junsik,Berendt,1/10/65,4/27/88,1/1/99,Senior Engineer
" 46,834 ",Tooru,Daescu,1/22/65,3/20/98,1/1/99,Senior Staff
" 46,943 ",Pasqua,Maraist,1/31/65,12/6/93,1/1/99,Senior Engineer
" 47,016 ",Toong,Litecky,1/3/65,3/1/89,1/1/99,Senior Staff
" 47,139 ",Marco,Usdin,1/25/65,10/29/96,1/1/99,Engineer
" 47,262 ",Gonzalo,Binkley,1/10/65,8/16/85,1/1/99,Senior Engineer
" 47,515 ",Naraig,Jenevein,1/26/65,1/18/87,1/1/99,Senior Engineer
" 47,702 ",Juyoung,Vieri,1/21/65,8/12/91,1/1/99,Senior Staff
" 47,708 ",Edwin,Haldar,1/5/65,7/12/95,1/1/99,Senior Staff
" 48,275 ",Sariel,Massonet,1/29/65,11/20/87,1/1/99,Senior Staff
" 48,690 ",Hitomi,Schaap,1/12/65,9/27/99,1/1/99,Staff
" 48,882 ",Leen,Lamparter,1/28/65,6/7/93,1/1/99,Senior Engineer
" 48,904 ",Yuichiro,Malabarba,1/23/65,3/7/94,1/1/99,Senior Staff
" 48,947 ",Filipp,Akaboshi,1/5/65,5/20/92,1/1/99,Senior Staff
" 49,010 ",Kazuhisa,Benantar,1/16/65,10/23/89,3/30/90,Senior Staff
" 49,017 ",Filipp,Flanders,1/7/65,11/26/90,1/1/99,Senior Engineer
" 49,119 ",Lena,Peek,1/9/65,5/16/91,1/1/99,Senior Engineer
" 49,177 ",Tze,Bach,1/3/65,3/9/99,1/1/99,Engineer
" 49,464 ",Siddarth,Cappelletti,1/14/65,9/10/99,1/1/99,Staff
" 49,477 ",Baocai,Leaver,1/14/65,8/5/98,1/1/99,Senior Staff
" 50,293 ",Xinan,Rindone,1/26/65,10/8/96,1/1/99,Engineer
" 50,311 ",Mooi,Stafford,1/24/65,10/6/96,1/1/99,Senior Engineer
" 50,453 ",Aron,Harbusch,1/12/65,10/2/97,1/1/99,Staff
" 50,670 ",Boguslaw,Snedden,1/30/65,2/20/85,1/1/99,Senior Staff
" 50,831 ",Marie,Khalid,1/6/65,6/11/96,1/1/99,Senior Engineer
" 51,036 ",Chriss,Fasbender,1/29/65,5/23/95,1/1/99,Staff
" 51,057 ",Theirry,Albarhamtoshy,1/29/65,9/27/91,1/1/99,Senior Staff
" 51,060 ",Youngkon,Rohrbach,1/15/65,10/20/89,1/1/99,Senior Engineer
" 51,142 ",Rosine,Lakshmanan,1/29/65,1/31/86,1/1/99,Senior Engineer
" 52,038 ",Chikako,Armand,1/13/65,5/18/85,1/1/99,Senior Engineer
" 52,040 ",Phule,Heijenga,1/14/65,2/22/92,12/8/96,Senior Staff
" 52,283 ",Trygve,Krupka,1/20/65,3/11/94,1/1/99,Senior Staff
" 52,386 ",Adas,Denti,1/28/65,5/30/86,1/1/99,Senior Staff
" 52,590 ",Jouni,Munoz,1/21/65,10/7/96,1/1/99,Senior Staff
" 52,599 ",Augustine,Mungall,1/25/65,1/13/94,1/1/99,Senior Engineer
" 52,639 ",Arup,Colorni,1/9/65,2/5/96,1/1/99,Senior Staff
" 52,770 ",Shugo,Yurek,1/31/65,8/28/92,1/1/99,Senior Staff
" 52,778 ",Alain,Penn,1/15/65,5/3/86,1/1/99,Technique Leader
" 52,956 ",Khalil,Picci,1/31/65,3/21/87,11/24/98,Senior Engineer
" 52,970 ",Lobel,Werthner,1/22/65,3/17/88,1/1/99,Senior Engineer
" 53,278 ",Premsyl,Lortz,1/31/65,2/1/93,1/1/99,Senior Staff
" 53,314 ",Eberhardt,Carrera,1/6/65,2/23/99,1/1/99,Staff
" 53,431 ",Sham,Vasanthakumar,1/12/65,10/24/85,5/24/93,Senior Staff
" 53,499 ",Zdislav,Mandelberg,1/20/65,9/11/94,1/1/99,Senior Engineer
" 53,597 ",Jiafu,Marchegay,1/30/65,3/2/85,1/1/99,Senior Engineer
" 53,874 ",Bodo,Schade,1/23/65,2/14/86,1/1/99,Senior Staff
" 53,924 ",Arnould,Gaughan,1/27/65,1/23/91,1/1/99,Senior Engineer
" 54,198 ",Shaowen,Segond,1/1/65,1/6/86,1/1/99,Senior Engineer
" 54,632 ",Etsuo,Serot,1/19/65,6/14/89,1/1/99,Senior Staff
" 54,795 ",Sumant,Nergos,1/29/65,3/2/94,1/1/99,Senior Staff
" 54,800 ",Breannda,Cangellaris,1/13/65,1/27/00,1/1/99,Staff
" 55,640 ",Adit,Syrotiuk,1/25/65,7/16/93,1/1/99,Senior Engineer
" 55,687 ",Shih,Lindqvist,1/2/65,3/29/95,1/1/99,Senior Engineer
" 55,799 ",Jianwen,Litzler,1/23/65,6/17/87,1/1/99,Senior Engineer
" 55,857 ",Adin,Scallan,1/18/65,9/15/87,1/1/99,Senior Staff
" 56,105 ",Makato,Remmers,1/11/65,4/16/89,1/1/99,Senior Engineer
" 56,209 ",Remzi,Douceur,1/19/65,12/1/92,1/1/99,Senior Engineer
" 56,415 ",Sigeru,Nivat,1/30/65,10/24/91,1/1/99,Senior Staff
" 56,428 ",Olivera,Hanabata,1/27/65,11/10/86,1/1/99,Senior Staff
" 56,682 ",Roded,Picco,1/28/65,11/6/93,1/1/99,Assistant Engineer
" 56,829 ",Nagui,Gruenwald,1/9/65,6/14/97,1/1/99,Engineer
" 56,847 ",Menkae,Chinin,1/14/65,8/19/89,8/27/98,Senior Engineer
" 57,934 ",Sanjoy,Boudaillier,1/25/65,12/27/89,1/1/99,Senior Engineer
" 58,141 ",Bezalel,Karner,1/5/65,9/27/94,1/1/99,Staff
" 58,147 ",Shigenori,Sullins,1/9/65,2/24/88,1/1/99,Senior Staff
" 58,384 ",Mariusz,Vural,1/22/65,11/14/93,1/1/99,Senior Engineer
" 58,454 ",Ziya,Zambonelli,1/25/65,6/29/99,1/1/99,Engineer
" 58,497 ",Yechiam,Cairo,1/22/65,10/21/00,1/1/99,Senior Staff
" 58,819 ",Gennady,Liesche,1/4/65,12/2/87,1/1/99,Senior Staff
" 58,990 ",Palash,Trelles,1/4/65,11/18/98,1/1/99,Engineer
" 59,195 ",Ronnie,Pollock,1/8/65,6/19/90,1/1/99,Technique Leader
" 59,640 ",Zita,Hiltgen,1/18/65,1/26/99,1/1/99,Staff
" 59,869 ",Zsolt,Riefers,2/1/65,9/25/87,1/1/99,Senior Staff
" 59,966 ",Steen,Salvesen,1/28/65,2/3/93,1/1/99,Technique Leader
" 60,000 ",Heekeun,Emmart,1/16/65,9/23/95,1/1/99,Engineer
" 60,091 ",Surveyors,Bade,2/1/65,4/11/90,1/1/99,Senior Staff
" 60,238 ",Erzsebet,Claffy,1/23/65,2/19/99,1/1/99,Staff
" 60,559 ",Jeanna,Stemann,1/19/65,8/29/88,1/1/99,Senior Engineer
" 60,821 ",Moty,Mersereau,1/2/65,9/3/91,1/1/99,Senior Staff
" 60,845 ",Bedir,Siegrist,1/14/65,5/13/97,1/1/99,Engineer
" 60,875 ",Rildo,Masaki,1/21/65,1/14/90,1/1/99,Senior Engineer
" 60,959 ",Tetsushi,Sridhar,1/9/65,10/19/89,1/1/99,Senior Staff
" 61,147 ",Leszek,Werthner,1/30/65,3/3/99,1/1/99,Staff
" 61,253 ",Cheong,Uhrik,1/9/65,6/4/96,5/9/02,Senior Engineer
" 61,377 ",Dannz,Ohori,1/1/65,4/13/97,1/1/99,Senior Staff
" 61,541 ",Kasidit,Papsdorf,1/8/65,8/17/93,1/1/99,Senior Engineer
" 61,873 ",Woody,Rusmann,1/19/65,2/26/93,1/1/99,Engineer
" 62,033 ",Heeju,Cappelli,1/24/65,1/15/87,1/1/99,Senior Engineer
" 62,046 ",Karlis,Nanard,1/31/65,9/19/92,1/1/99,Senior Engineer
" 62,245 ",Adel,Bressoud,1/1/65,8/30/95,1/1/99,Engineer
" 63,294 ",Tetsushi,Tanemo,1/23/65,3/1/97,1/1/99,Senior Engineer
" 63,419 ",Hiroyasu,Seuren,1/14/65,3/5/89,1/1/99,Senior Engineer
" 63,441 ",Hinrich,Scallan,1/15/65,4/4/99,1/1/99,Staff
" 63,566 ",Heekeun,Slaats,1/31/65,1/12/99,1/1/99,Senior Staff
" 63,631 ",Falguni,Cherinka,1/22/65,10/15/87,1/1/99,Senior Engineer
" 63,706 ",Sedat,Itzigehl,1/26/65,7/31/97,1/1/99,Engineer
" 64,023 ",Laurentiu,Benzmuller,1/11/65,11/8/99,1/1/99,Senior Engineer
" 64,209 ",Golgen,Schoegge,1/24/65,2/26/88,1/1/99,Senior Staff
" 64,487 ",Tsutomu,Rebaine,1/27/65,9/17/86,1/1/99,Senior Engineer
" 64,532 ",Atilio,Segond,1/23/65,11/29/90,1/1/99,Senior Engineer
" 64,632 ",Zsolt,Brender,1/7/65,2/21/96,1/1/99,Senior Staff
" 64,790 ",Shin,Piveteau,1/29/65,4/19/85,1/1/99,Senior Engineer
" 64,828 ",Krister,Pappas,1/27/65,9/30/99,1/1/99,Staff
" 64,984 ",Eldridge,Eldridge,1/6/65,6/24/86,8/4/94,Senior Engineer
" 65,171 ",Jeane,Tasistro,1/25/65,7/6/94,1/1/99,Technique Leader
" 65,539 ",Aksel,Picaronny,1/23/65,1/27/91,1/1/99,Senior Engineer
" 65,883 ",Patricia,Pepe,1/7/65,4/19/91,1/1/99,Senior Staff
" 65,998 ",Mandell,Alameldin,1/9/65,4/8/89,1/1/99,Senior Staff
" 66,382 ",Domenico,Candan,1/4/65,7/13/97,1/1/99,Engineer
" 66,530 ",Dung,Leaver,1/29/65,4/4/98,1/1/99,Staff
" 66,643 ",Jianhao,Tomescu,1/18/65,8/26/96,1/1/99,Engineer
" 66,702 ",Deniz,Thibadeau,2/1/65,9/27/94,1/1/99,Senior Engineer
" 66,757 ",Yonghong,Baig,1/16/65,4/10/99,1/1/99,Staff
" 66,807 ",Aiman,Rosaz,1/21/65,5/22/90,1/1/99,Senior Engineer
" 67,320 ",Sadok,Lorys,1/18/65,5/10/87,1/1/99,Senior Staff
" 67,548 ",Fumitaka,Roohalamini,1/11/65,6/27/98,1/1/99,Staff
" 67,934 ",Aiman,Gargeya,1/7/65,3/7/85,1/1/99,Senior Engineer
" 68,416 ",Munenori,Debuse,1/27/65,11/8/90,1/1/99,Senior Engineer
" 68,608 ",Yucai,Seghrouchni,1/26/65,6/9/89,1/1/99,Senior Engineer
" 68,633 ",Chinhyun,Rassart,1/28/65,7/29/93,1/1/99,Senior Engineer
" 68,648 ",Jaques,DiGiano,1/25/65,4/1/92,1/1/99,Technique Leader
" 69,052 ",Shietung,Shrader,1/26/65,8/5/95,1/1/99,Senior Staff
" 69,219 ",Shuky,Redmiles,1/9/65,11/19/94,1/1/99,Senior Staff
" 69,867 ",Miyeon,Rothe,1/22/65,4/9/91,1/1/99,Senior Staff
" 69,878 ",Chinya,Cooke,1/24/65,1/29/97,1/1/99,Engineer
" 69,936 ",Lalit,Unni,1/23/65,12/6/98,1/31/99,Assistant Engineer
" 70,469 ",Tru,Miyakawa,1/12/65,9/3/90,1/1/99,Senior Staff
" 70,990 ",Arumugam,Nitta,1/22/65,3/23/90,1/1/99,Senior Engineer
" 71,066 ",Domenick,Basart,1/27/65,1/5/96,1/1/99,Senior Staff
" 71,141 ",Sajjad,Vitiello,1/2/65,2/17/92,1/1/99,Senior Staff
" 71,188 ",Pranjal,Schapiro,1/2/65,12/14/86,1/1/99,Senior Staff
" 71,243 ",Kinh,Buchter,1/10/65,3/29/86,1/1/99,Senior Engineer
" 71,334 ",Cathie,Peck,1/15/65,3/4/01,1/1/99,Senior Engineer
" 71,685 ",Kristinn,Olano,1/1/65,10/3/89,1/1/99,Senior Engineer
" 71,710 ",Hitomi,Takanami,1/31/65,12/15/97,1/1/99,Assistant Engineer
" 71,745 ",Adil,Laventhal,1/2/65,5/13/92,1/1/99,Engineer
" 72,190 ",Sajjad,Waeselynck,1/19/65,9/13/99,1/1/99,Engineer
" 72,194 ",Feiyu,Siepmann,1/26/65,10/1/98,1/1/99,Senior Engineer
" 72,232 ",Naraig,Veldwijk,1/10/65,7/10/89,1/1/99,Senior Engineer
" 72,640 ",Honglan,Hutton,1/24/65,10/4/93,1/1/99,Senior Engineer
" 72,918 ",Takahira,Szilard,1/22/65,1/16/88,1/1/99,Senior Staff
" 73,076 ",Froduald,Feldhoffer,1/22/65,3/16/93,1/1/99,Senior Engineer
" 73,233 ",Shigeo,Merey,1/15/65,7/30/85,1/1/99,Senior Engineer
" 73,516 ",Qingxiang,Badache,1/14/65,6/25/89,1/1/99,Senior Engineer
" 73,743 ",Anneke,Bernardeschi,1/15/65,11/1/99,10/15/00,Engineer
" 74,200 ",Holgard,Weiland,1/16/65,9/24/91,1/1/99,Senior Engineer
" 74,344 ",Hiroyasu,Provine,2/1/65,11/25/94,1/1/99,Engineer
" 74,668 ",Masako,Bonifati,1/1/65,4/9/87,1/1/99,Senior Staff
" 74,800 ",Yuuichi,Conde,1/25/65,3/8/89,1/1/99,Senior Engineer
" 75,354 ",Shuky,Jakobus,1/11/65,6/16/86,1/1/99,Senior Engineer
" 75,703 ",Kyoichi,Erman,1/8/65,7/25/96,1/1/99,Senior Engineer
" 76,189 ",Kolar,Hinsberger,1/2/65,10/20/86,1/1/99,Senior Engineer
" 76,201 ",Arif,Preusig,1/10/65,4/2/92,1/1/99,Senior Engineer
" 76,640 ",Tristan,Mitsuhashi,1/2/65,7/13/94,1/1/99,Senior Engineer
" 77,030 ",Faiza,Garnham,1/2/65,3/2/86,1/1/99,Technique Leader
" 77,303 ",Xinglin,Birge,1/18/65,3/5/92,1/1/99,Senior Staff
" 77,647 ",Niranjan,Schaaf,1/7/65,11/5/89,1/1/99,Technique Leader
" 77,815 ",Ronghao,Picaronny,1/21/65,6/9/93,1/1/99,Engineer
" 78,106 ",Ashish,Ratnaker,1/9/65,1/17/00,1/1/99,Senior Staff
" 78,363 ",Susumu,Fritzsche,1/3/65,6/23/98,1/1/99,Engineer
" 78,469 ",Leucio,Cappelli,1/28/65,8/22/97,1/1/99,Staff
" 78,871 ",Conor,Ghandeharizadeh,1/15/65,5/25/85,1/1/99,Senior Engineer
" 79,043 ",Katsuo,Hockney,1/24/65,11/7/99,1/1/99,Technique Leader
" 79,171 ",Guiseppe,Ellozy,1/19/65,1/12/91,1/1/99,Senior Engineer
" 79,310 ",Jeong,Cunliffe,1/24/65,10/27/96,1/1/99,Senior Staff
" 79,606 ",Arnd,Peir,1/3/65,12/11/86,1/1/99,Senior Engineer
" 79,763 ",Sanjoy,Barreiro,1/20/65,4/9/88,1/1/99,Senior Staff
" 79,895 ",Fei,Murtagh,1/30/65,1/19/86,1/1/99,Senior Staff
" 80,067 ",Kazuhisa,Weiland,1/19/65,11/9/85,1/1/99,Senior Staff
" 80,203 ",Shakhar,Baik,1/22/65,12/1/93,1/1/99,Staff
" 80,432 ",Stella,Figueira,1/17/65,3/14/90,1/1/99,Senior Staff
" 80,731 ",Shaowen,Eldridge,1/25/65,12/5/87,1/1/99,Senior Staff
" 80,850 ",Koldo,Luit,2/1/65,4/16/95,1/1/99,Senior Engineer
" 80,889 ",Shigeo,Linnainmaa,1/7/65,7/30/85,1/1/99,Senior Engineer
" 80,948 ",Harjit,Bardell,1/27/65,5/24/91,1/1/99,Senior Engineer
" 81,105 ",Jaewon,Boissier,1/14/65,5/24/92,1/1/99,Senior Engineer
" 81,545 ",Larisa,Kornyak,1/13/65,2/7/00,1/1/99,Technique Leader
" 81,644 ",Divine,Ghandeharizadeh,1/5/65,11/28/97,1/1/99,Staff
" 81,995 ",Sreekrishna,Brender,1/10/65,3/22/90,1/1/99,Senior Engineer
" 82,069 ",Yechezkel,Perfilyeva,1/20/65,11/3/94,1/1/99,Senior Engineer
" 82,098 ",Poornachandra,Wilharm,1/25/65,4/20/91,1/1/99,Senior Engineer
" 82,351 ",Stevo,Thambidurai,1/26/65,10/27/89,1/1/99,Senior Staff
" 82,511 ",Uwe,Koblick,1/27/65,4/4/98,1/1/99,Engineer
" 82,919 ",Shigeu,Claffy,1/5/65,12/19/98,1/1/99,Engineer
" 82,928 ",Alselm,Rikino,1/27/65,11/16/90,1/1/99,Senior Engineer
" 83,280 ",Francesca,Ellozy,1/7/65,8/8/99,1/1/99,Senior Engineer
" 83,289 ",Shigeichiro,Engelmann,1/9/65,1/9/94,1/1/99,Senior Engineer
" 83,509 ",Breannda,Collavizza,1/4/65,10/12/89,1/1/99,Senior Engineer
" 83,544 ",Leaf,Baak,1/18/65,9/5/94,1/1/99,Senior Staff
" 83,714 ",Ohad,Kilgore,1/27/65,7/1/90,10/10/00,Senior Engineer
" 83,805 ",Manohar,Harllee,1/23/65,3/11/87,1/1/99,Senior Engineer
" 83,941 ",Zsolt,Hagimont,1/11/65,10/8/96,1/1/99,Senior Staff
" 84,029 ",Babette,Eugenio,1/27/65,9/21/97,1/1/99,Staff
" 84,179 ",Shuichi,Nanard,1/25/65,3/14/89,1/1/99,Senior Engineer
" 84,236 ",Eberhardt,Barriga,1/18/65,6/4/87,1/1/99,Senior Staff
" 84,315 ",Kristina,Baumann,1/23/65,9/26/96,1/1/99,Assistant Engineer
" 84,451 ",Shiv,Aumann,1/20/65,6/14/98,1/1/99,Senior Engineer
" 84,508 ",Tommaso,Vidya,1/17/65,5/2/98,1/1/99,Engineer
" 84,840 ",Sverrir,Neimat,1/14/65,11/3/96,1/1/99,Staff
" 84,922 ",Parke,Unno,1/22/65,7/1/96,1/1/99,Engineer
" 84,942 ",Shin,Fujisaki,1/15/65,2/23/88,1/1/99,Technique Leader
" 85,216 ",Ferdinand,Rosiles,1/18/65,7/8/97,1/1/99,Senior Staff
" 85,288 ",Younwoo,Luders,1/6/65,3/31/95,12/8/98,Senior Engineer
" 85,414 ",Chiradeep,Callaway,1/14/65,7/30/99,1/1/99,Staff
" 85,445 ",Yongdong,Pollock,1/9/65,3/17/98,1/1/99,Staff
" 85,702 ",Udi,Merks,1/4/65,8/15/97,1/1/99,Engineer
" 85,874 ",Pasqua,Taubman,1/30/65,6/23/86,1/1/99,Senior Staff
" 86,213 ",Kristine,Clemencon,1/28/65,6/1/93,1/1/99,Senior Staff
" 86,354 ",Ronghao,Segond,1/27/65,9/13/93,1/1/99,Senior Engineer
" 86,422 ",Jaewon,Thummel,2/1/65,9/14/85,1/1/99,Senior Staff
" 86,546 ",Oldrich,Woycyznski,1/9/65,5/15/85,1/1/99,Senior Engineer
" 86,655 ",Zhenhua,Lorys,1/1/65,8/21/95,1/1/99,Engineer
" 86,672 ",JoAnne,Anido,1/15/65,9/15/95,1/1/99,Staff
" 87,129 ",Keung,Neiman,1/16/65,4/13/97,1/1/99,Staff
" 87,353 ",Quingbo,Coombs,1/7/65,1/17/99,1/1/99,Senior Engineer
" 87,714 ",Khun,Janetzko,1/16/65,9/13/89,1/1/99,Engineer
" 87,729 ",Yongmin,Roccetti,1/24/65,12/10/86,1/1/99,Senior Staff
" 87,783 ",Conor,Thorensen,1/26/65,2/24/88,1/1/99,Senior Engineer
" 88,103 ",Goo,Bresenham,1/9/65,1/31/99,1/1/99,Senior Staff
" 88,411 ",Lena,Cannane,1/31/65,1/28/00,1/1/99,Engineer
" 88,422 ",Jungsoon,Birsak,1/28/65,4/3/85,1/1/99,Technique Leader
" 88,647 ",Vasiliy,Ratnaker,1/10/65,8/9/95,1/1/99,Engineer
" 88,958 ",Vojin,Coombs,1/22/65,7/23/95,1/1/99,Senior Staff
" 88,965 ",Mang,Hedayat,1/20/65,5/22/95,1/1/99,Engineer
" 89,048 ",Otmar,Birjandi,1/24/65,3/23/85,1/1/99,Senior Engineer
" 89,090 ",Tetsushi,Theuretzbacher,1/26/65,2/1/90,1/1/99,Senior Staff
" 89,161 ",Conal,Yetto,1/7/65,1/12/91,1/1/99,Senior Staff
" 89,207 ",Along,Erol,1/15/65,10/16/92,1/1/99,Senior Staff
" 89,346 ",Mansur,Comyn,1/13/65,8/31/99,1/1/99,Engineer
" 89,590 ",Guther,Rothenberg,1/27/65,8/8/91,1/1/99,Senior Staff
" 89,664 ",Pranjal,Rossi,1/20/65,7/7/98,1/1/99,Staff
" 89,680 ",Aiman,Mawatari,1/27/65,5/1/88,1/1/99,Senior Engineer
" 89,806 ",Xiadong,Shinomoto,1/27/65,5/24/97,1/1/99,Senior Engineer
" 89,922 ",Alexius,Ibel,1/26/65,4/24/88,1/1/99,Senior Engineer
" 89,941 ",Arnould,Weedman,1/23/65,7/28/89,1/1/99,Senior Staff
" 90,077 ",Vivian,Guerreiro,1/24/65,7/8/91,1/1/99,Engineer
" 90,084 ",Renny,Bale,1/1/65,11/22/89,1/1/99,Senior Engineer
" 90,211 ",Bader,Denis,1/15/65,10/6/97,1/1/99,Engineer
" 90,292 ",Koichi,Assaf,1/9/65,5/26/90,1/1/99,Senior Engineer
" 90,518 ",Fumiko,Chepyzhov,1/24/65,1/28/88,1/1/99,Senior Staff
" 90,614 ",Yonghoan,Trogemann,1/29/65,9/23/88,1/1/99,Engineer
" 90,692 ",Rajmohan,DasSarma,1/3/65,9/14/85,1/1/99,Senior Staff
" 91,172 ",Kazuhisa,Melter,1/19/65,7/16/87,1/1/99,Senior Staff
" 91,182 ",Lucien,Schwartzburd,1/4/65,8/25/88,1/1/99,Senior Engineer
" 91,229 ",Yahiko,Hebden,1/1/65,10/3/96,1/1/99,Senior Engineer
" 91,256 ",Gunilla,Milicic,1/13/65,1/9/98,1/1/99,Staff
" 91,333 ",Lobel,Stafford,1/27/65,11/29/98,1/1/99,Staff
" 91,415 ",Jamaludin,Nilsson,1/4/65,1/15/87,1/1/99,Senior Staff
" 91,648 ",Dmitry,Msuda,1/29/65,10/22/88,1/1/99,Senior Staff
" 92,438 ",Aria,Kilgore,1/4/65,4/11/92,1/1/99,Senior Engineer
" 92,454 ",Visit,McFarlan,1/24/65,10/22/87,1/1/99,Senior Engineer
" 92,577 ",Zhanqiu,Farrow,1/6/65,1/10/99,1/1/99,Assistant Engineer
" 92,598 ",Ranga,Merro,1/18/65,5/11/96,1/1/99,Assistant Engineer
" 92,685 ",Mang,Atchley,1/26/65,6/7/95,1/1/99,Senior Staff
" 92,841 ",Claude,Candan,1/22/65,8/4/93,1/1/99,Senior Staff
" 92,846 ",Anyuan,Kropatsch,1/11/65,9/5/86,1/1/99,Senior Staff
" 92,920 ",Huei,Hutter,1/20/65,1/28/93,1/1/99,Senior Engineer
" 93,040 ",Jaques,Kabayashi,1/19/65,3/13/92,1/1/99,Senior Engineer
" 93,220 ",Richara,Walston,1/11/65,8/27/96,1/1/99,Senior Engineer
" 93,278 ",Magdalena,Penn,2/1/65,1/4/97,1/1/99,Senior Engineer
" 93,549 ",Arie,Coullard,2/1/65,3/28/00,1/1/99,Senior Staff
" 93,600 ",Kristina,Neimat,1/13/65,4/18/88,1/1/99,Technique Leader
" 94,331 ",Ramzi,Cronau,1/26/65,9/3/99,1/1/99,Technique Leader
" 94,416 ",Aran,Cesareni,1/1/65,2/10/90,11/20/01,Senior Staff
" 94,761 ",Hitofumi,Zaccaria,1/27/65,11/22/88,1/1/99,Senior Engineer
" 94,944 ",Heping,Matheson,1/13/65,6/24/88,1/1/99,Senior Engineer
" 95,181 ",Yishai,Cappelli,1/28/65,1/30/97,1/1/99,Staff
" 95,286 ",Kristin,Guerreiro,1/18/65,8/23/89,1/1/99,Senior Engineer
" 95,314 ",Rasiah,Koblick,1/22/65,8/21/91,1/1/99,Senior Staff
" 95,406 ",Alair,Lyonns,1/8/65,7/12/97,1/1/99,Engineer
" 95,416 ",Gianluca,Ramaiah,1/13/65,11/29/93,1/1/99,Engineer
" 95,509 ",Kristinn,Loncour,1/11/65,2/8/95,1/1/99,Engineer
" 95,920 ",Nobuyoshi,Hegner,1/19/65,9/7/94,1/1/99,Senior Staff
" 96,571 ",Kokou,Garrabrants,1/13/65,11/5/97,1/1/99,Senior Engineer
" 96,579 ",Mohan,Tasistro,1/18/65,2/10/96,1/1/99,Engineer
" 96,767 ",Arumugam,Vecchio,1/7/65,8/14/85,1/1/99,Senior Engineer
" 97,018 ",Jeanna,Chinen,1/9/65,1/1/89,1/1/99,Senior Engineer
" 97,623 ",Haldon,Janetzko,1/25/65,9/11/90,1/1/99,Senior Staff
" 97,661 ",Avishai,Hegner,1/31/65,5/8/93,1/1/99,Senior Staff
" 98,288 ",Sumali,Huttel,1/12/65,9/12/89,1/1/99,Senior Staff
" 98,306 ",Ziya,Kadhim,1/16/65,6/24/99,1/1/99,Senior Engineer
" 98,639 ",Florina,Assaf,1/29/65,5/18/96,1/1/99,Staff
" 99,057 ",Shugo,Reeken,1/30/65,6/21/99,1/1/99,Staff
" 99,373 ",Xiaobin,Christianini,1/13/65,12/25/85,1/1/99,Senior Staff
" 99,377 ",Carrsten,Francisci,1/18/65,6/16/91,1/1/99,Senior Engineer
" 99,590 ",Dhritiman,Anily,1/24/65,12/16/98,1/1/99,Staff
" 99,654 ",Mahendra,Motley,1/30/65,9/28/85,1/1/99,Senior Staff
" 100,865 ",Hisao,Peral,1/19/65,10/3/90,1/1/99,Senior Engineer
" 100,916 ",Heejo,Aamodt,1/18/65,4/22/92,1/1/99,Senior Engineer
" 101,487 ",Abdelaziz,Sury,1/14/65,1/31/91,1/1/99,Senior Staff
" 101,647 ",Mori,Homond,1/22/65,5/10/94,1/1/99,Senior Staff
" 101,902 ",Mantis,Millington,1/14/65,3/18/91,1/1/99,Senior Staff
" 102,620 ",Adin,Templeman,1/3/65,12/10/97,8/12/99,Engineer
" 103,196 ",Djenana,Albarhamtoshy,1/16/65,7/16/88,1/1/99,Senior Staff
" 103,310 ",Visit,Swen,1/7/65,10/2/95,1/1/99,Senior Staff
" 103,316 ",Susanne,Peternell,1/3/65,7/27/94,1/1/99,Senior Engineer
" 103,342 ",Beshir,Hellwagner,1/3/65,2/3/98,1/1/99,Engineer
" 103,756 ",Heping,Halloran,1/31/65,4/8/92,1/1/99,Engineer
" 104,133 ",Pranjal,Zyda,1/31/65,7/3/91,1/1/99,Senior Staff
" 104,845 ",Werner,Lodder,1/29/65,6/17/92,1/1/99,Senior Staff
" 104,988 ",Parviz,Litzler,1/7/65,8/8/92,1/1/99,Senior Engineer
" 105,342 ",Kwun,Reeker,1/1/65,7/29/99,1/1/99,Technique Leader
" 105,356 ",Diederik,Matzov,1/29/65,5/12/88,3/8/95,Senior Engineer
" 105,432 ",Mohamadou,Stafford,1/8/65,9/12/95,1/1/99,Senior Engineer
" 105,520 ",Haldun,Lienhardt,1/1/65,1/29/87,1/1/99,Senior Staff
" 105,731 ",Sachem,Cromarty,1/15/65,8/20/90,1/1/99,Engineer
" 106,096 ",Naftali,Schurmann,1/14/65,12/2/92,1/1/99,Senior Engineer
" 106,242 ",Nevio,Thisen,2/1/65,3/25/88,1/1/99,Senior Staff
" 106,695 ",Lijie,Garrabrants,1/31/65,10/26/88,1/1/99,Senior Staff
" 106,710 ",Babette,Anandan,1/31/65,11/22/86,1/1/99,Senior Staff
" 107,486 ",Siamak,Luiz,1/23/65,2/11/87,1/1/99,Senior Engineer
" 107,737 ",Fabrizio,Chleq,1/23/65,7/31/99,1/1/99,Senior Engineer
" 107,792 ",Shahab,Crooks,1/13/65,3/18/92,1/1/99,Senior Staff
" 107,828 ",Ramya,Walston,1/26/65,2/3/89,1/1/99,Senior Staff
" 108,091 ",Hisao,Ghemri,1/9/65,11/14/85,1/1/99,Senior Staff
" 108,198 ",Randi,Samarati,1/24/65,10/20/92,1/1/99,Senior Staff
" 108,316 ",Shai,Stellhorn,1/2/65,5/21/92,1/1/99,Senior Engineer
" 108,988 ",Oksana,Baek,1/19/65,7/20/89,1/1/99,Senior Staff
" 109,062 ",Jamaludin,Kandlur,2/1/65,6/19/92,1/1/99,Senior Engineer
" 109,211 ",Gor,Delgrande,1/11/65,11/7/95,6/18/02,Senior Engineer
" 109,252 ",Moty,Winter,1/15/65,4/28/91,1/1/99,Technique Leader
" 109,278 ",Bangqing,Schach,1/21/65,3/22/88,1/1/99,Senior Staff
" 109,552 ",Menkae,Etalle,1/31/65,5/21/97,1/1/99,Engineer
" 109,598 ",Stamatina,Auyong,2/1/65,7/5/88,1/1/99,Senior Staff
" 109,620 ",Mani,Cannata,1/2/65,6/21/89,1/1/99,Senior Staff
" 109,703 ",Arco,Walston,1/17/65,8/16/99,1/1/99,Engineer
" 109,741 ",Hatem,Fadgyas,1/11/65,11/13/91,1/1/99,Senior Engineer
" 109,953 ",Godehard,Chorvat,1/26/65,4/10/88,1/1/99,Senior Staff
" 200,267 ",Chuanti,Luff,1/8/65,9/21/94,1/1/99,Senior Staff
" 200,312 ",Akemi,Fujisaki,1/27/65,11/13/01,1/1/99,Senior Engineer
" 200,363 ",Kirk,Quaggetto,1/10/65,6/30/87,1/1/99,Senior Engineer
" 200,735 ",Dinah,Denos,1/9/65,9/21/92,1/1/99,Senior Staff
" 200,789 ",Susumu,Camurati,1/14/65,12/15/91,1/1/99,Senior Staff
" 201,229 ",Alejandra,Khasidashvili,1/3/65,7/30/94,1/1/99,Staff
" 201,708 ",Anneli,Perl,1/15/65,9/8/92,1/1/99,Senior Staff
" 201,709 ",Fan,Kakkad,1/1/65,2/25/88,1/1/99,Senior Staff
" 201,739 ",Genta,Terekhov,1/16/65,7/21/98,1/1/99,Assistant Engineer
" 201,801 ",Waiman,Genin,1/12/65,10/30/88,1/1/99,Senior Engineer
" 201,915 ",Sudharsan,DeMori,1/2/65,3/30/92,1/1/99,Senior Engineer
" 202,291 ",Ortrun,Schmiedel,1/16/65,7/18/97,1/1/99,Engineer
" 202,403 ",Gully,Perko,1/9/65,7/7/99,1/1/99,Engineer
" 202,414 ",Zvonko,Murthy,1/13/65,1/7/92,1/1/99,Senior Staff
" 202,552 ",Morris,Saoudi,1/5/65,11/22/91,1/1/99,Senior Engineer
" 202,826 ",Kerhong,Matzke,1/19/65,11/14/86,1/1/99,Senior Engineer
" 202,882 ",Isaac,Koshino,1/25/65,9/28/95,1/1/99,Senior Engineer
" 202,950 ",Giordano,Pietrzykowski,1/17/65,3/26/87,1/1/99,Senior Staff
" 203,474 ",Hugh,Jonsson,1/3/65,7/6/91,1/1/99,Senior Staff
" 203,495 ",Zongyan,Gips,1/2/65,5/31/97,1/1/99,Technique Leader
" 203,599 ",Ewing,DiGiano,1/21/65,2/1/00,1/1/99,Technique Leader
" 203,720 ",Sasan,Thimonier,1/30/65,8/21/96,1/1/99,Senior Staff
" 203,946 ",Yefim,Marwedel,1/23/65,3/30/93,1/1/99,Senior Staff
" 204,117 ",Jessie,Nooteboom,1/10/65,8/13/99,12/13/00,Staff
" 204,133 ",Susuma,Bergere,1/22/65,2/25/96,1/1/99,Senior Staff
" 204,246 ",Arve,Worfolk,1/9/65,4/1/85,1/1/99,Senior Staff
" 204,425 ",Gretta,Huttel,1/3/65,10/8/90,1/1/99,Senior Engineer
" 204,470 ",Hein,Lichtner,1/22/65,5/2/98,1/1/99,Senior Staff
" 204,471 ",Franziska,Maginnis,1/27/65,2/17/86,1/1/99,Senior Engineer
" 204,764 ",Susanne,Mandelberg,1/22/65,11/2/90,1/1/99,Senior Engineer
" 205,018 ",Yahiko,Awdeh,1/26/65,8/5/98,1/1/99,Engineer
" 205,085 ",Moni,Kornyak,1/23/65,9/26/91,1/1/99,Technique Leader
" 205,174 ",Leszek,Spinelli,1/5/65,12/10/98,1/1/99,Staff
" 205,500 ",Mary,Setiz,1/4/65,1/13/89,1/1/99,Senior Engineer
" 205,627 ",Stabislas,Broder,1/21/65,7/16/96,1/1/99,Senior Engineer
" 205,660 ",Kien,Barreiro,1/27/65,10/24/00,1/1/99,Staff
" 205,699 ",Youjian,Yetto,1/31/65,12/7/94,1/1/99,Senior Staff
" 205,789 ",Limsoon,Skafidas,1/31/65,8/10/99,1/1/99,Senior Staff
" 205,863 ",Aiichiro,Kusalik,1/6/65,10/4/90,1/1/99,Senior Engineer
" 206,748 ",Yucai,Fabrizio,1/7/65,10/6/99,1/1/99,Staff
" 206,836 ",Guadalupe,Pfau,1/12/65,3/22/93,1/1/99,Senior Staff
" 206,966 ",Tzu,Sichman,1/21/65,11/17/87,1/1/99,Senior Engineer
" 207,021 ",Jacqueline,Akaboshi,1/20/65,12/6/97,1/1/99,Engineer
" 207,068 ",Zhiguo,Ariola,1/13/65,9/7/94,1/1/99,Senior Staff
" 207,204 ",Kellie,Schrooten,1/25/65,1/17/91,1/1/99,Engineer
" 207,401 ",Shuji,Barbanera,1/4/65,8/10/87,1/1/99,Senior Staff
" 207,551 ",Baziley,Falck,1/15/65,2/18/95,1/1/99,Assistant Engineer
" 207,779 ",Chinya,Kamble,1/16/65,5/31/92,1/1/99,Senior Staff
" 207,980 ",Remko,Vieth,1/7/65,11/22/90,1/1/99,Senior Staff
" 208,147 ",Manu,Rothenberg,1/9/65,12/6/88,1/1/99,Senior Engineer
" 208,330 ",Shen,Flanders,1/11/65,7/3/89,1/1/99,Senior Staff
" 208,639 ",Larisa,Lukaszewicz,1/27/65,10/10/89,10/30/96,Senior Staff
" 208,653 ",Phillip,Schade,1/23/65,3/3/89,1/1/99,Senior Engineer
" 208,784 ",Pranjal,Juneja,1/30/65,3/21/85,1/1/99,Senior Engineer
" 209,101 ",Xinyu,Edelhoff,1/5/65,10/26/97,1/1/99,Senior Engineer
" 209,443 ",Krassimir,Garnier,1/19/65,1/26/98,1/1/99,Senior Staff
" 209,565 ",Dante,Covnot,1/9/65,5/28/89,1/1/99,Senior Staff
" 209,712 ",Nimmagadda,Baak,1/17/65,10/30/87,1/1/99,Engineer
" 210,017 ",Shalesh,Lovengreen,1/28/65,9/29/90,1/1/99,Senior Staff
" 210,292 ",Lihong,Zeilberger,1/18/65,4/28/96,1/1/99,Staff
" 210,449 ",Gino,Lagarias,1/19/65,6/22/97,1/1/99,Engineer
" 210,752 ",Saniya,Stenning,1/25/65,12/10/86,1/1/99,Senior Staff
" 210,786 ",Werner,Ranze,1/31/65,6/5/98,1/1/99,Staff
" 211,858 ",Domenico,Ratnaker,1/8/65,3/24/85,1/1/99,Senior Engineer
" 211,879 ",Gao,Ranze,1/12/65,11/24/94,1/1/99,Senior Engineer
" 211,967 ",Anwar,Bain,1/7/65,1/22/89,1/1/99,Senior Engineer
" 212,093 ",Leni,Henders,1/11/65,11/19/93,1/1/99,Senior Staff
" 212,154 ",Sailaja,Holburn,1/17/65,3/4/91,1/1/99,Senior Staff
" 212,361 ",Claudi,Stanfel,1/16/65,1/7/96,1/1/99,Senior Engineer
" 213,016 ",Yongmao,Fontan,1/22/65,7/26/93,1/1/99,Senior Engineer
" 213,140 ",Tru,Danecki,1/10/65,3/31/97,1/1/99,Staff
" 213,384 ",Pranas,Narwekar,1/4/65,9/26/85,1/1/99,Senior Engineer
" 213,447 ",Armond,Perly,2/1/65,9/14/89,1/1/99,Senior Engineer
" 214,215 ",Xiaoqiang,Cardazo,1/25/65,5/28/93,1/1/99,Senior Staff
" 214,391 ",Rayond,Klassen,1/15/65,9/11/93,1/1/99,Senior Staff
" 214,427 ",Peer,Molberg,1/29/65,11/17/96,1/1/99,Engineer
" 214,539 ",Ingmar,Kohling,1/27/65,4/25/95,1/1/99,Engineer
" 214,634 ",Shirish,Vickson,1/12/65,10/24/89,1/1/99,Senior Engineer
" 214,789 ",Arfst,Chepyzhov,1/28/65,2/6/89,1/1/99,Senior Engineer
" 214,866 ",Gopalakrishnan,Angel,2/1/65,7/5/97,1/1/99,Senior Engineer
" 214,995 ",Dinkar,Hoppenstand,1/12/65,5/4/94,1/1/99,Engineer
" 215,419 ",Flemming,Kroha,1/16/65,1/23/95,1/1/99,Staff
" 215,629 ",Munehiro,Manders,1/15/65,5/18/87,1/1/99,Senior Staff
" 215,746 ",Sven,Speer,1/8/65,7/8/99,1/1/99,Staff
" 215,843 ",Pramod,Loncour,1/30/65,3/31/87,1/1/99,Senior Staff
" 216,054 ",Sahrah,Angiulli,1/24/65,7/31/86,1/1/99,Senior Staff
" 216,342 ",Aiichiro,Cromarty,1/22/65,6/10/95,1/1/99,Senior Engineer
" 216,375 ",Byong,Gustavson,1/16/65,3/12/85,1/1/99,Senior Engineer
" 216,502 ",Xiaocheng,Suermann,1/26/65,12/15/97,1/1/99,Engineer
" 216,573 ",Ashish,Vidya,1/29/65,6/16/89,1/1/99,Senior Engineer
" 216,921 ",Lena,Lenart,1/22/65,12/25/90,1/1/99,Senior Staff
" 217,026 ",Otmar,Engberts,1/11/65,8/16/93,1/1/99,Senior Staff
" 217,080 ",Masami,Puoti,1/12/65,1/21/00,1/1/99,Senior Engineer
" 217,272 ",Yuchang,Eldridge,1/21/65,8/1/86,1/1/99,Senior Staff
" 217,286 ",Yannik,Spelt,1/5/65,9/22/92,1/1/99,Technique Leader
" 217,320 ",Abdelwaheb,Denis,1/10/65,9/10/93,1/1/99,Engineer
" 217,363 ",Horward,Marzano,1/14/65,4/11/96,1/1/99,Staff
" 217,387 ",Jianhao,Molenaar,1/21/65,10/22/87,1/1/99,Senior Engineer
" 217,551 ",Panayotis,Lukaszewicz,1/2/65,6/6/89,1/1/99,Senior Engineer
" 217,800 ",Shay,Servieres,2/1/65,8/6/98,1/1/99,Senior Staff
" 218,022 ",Mokhtar,Poupard,1/26/65,2/2/92,1/1/99,Technique Leader
" 218,100 ",Jiong,Garnham,1/24/65,1/2/90,1/1/99,Senior Staff
" 218,831 ",Unal,DuBourdieux,1/16/65,3/13/96,1/1/99,Engineer
" 219,035 ",Kristine,Bierman,1/18/65,5/13/88,1/1/99,Technique Leader
" 219,047 ",Aemilian,Kusalik,1/30/65,5/27/87,1/1/99,Senior Engineer
" 219,052 ",Marsal,Acton,1/6/65,8/2/95,1/1/99,Staff
" 219,417 ",Subhrajyoti,Denna,1/29/65,7/25/96,1/1/99,Staff
" 219,497 ",Moie,Zastre,1/22/65,10/11/91,1/1/99,Technique Leader
" 219,967 ",Susanna,Reeken,1/16/65,3/16/98,1/1/99,Senior Staff
" 220,029 ",Demos,Asser,1/17/65,11/4/85,1/1/99,Senior Engineer
" 220,131 ",Reinhard,Slaats,1/9/65,6/8/94,1/1/99,Senior Engineer
" 220,418 ",Poorav,Laventhal,1/23/65,8/16/97,1/1/99,Staff
" 220,528 ",Sibyl,Rabehasaina,1/6/65,2/23/98,1/1/99,Senior Staff
" 220,582 ",Poornachandra,Zielinski,1/8/65,2/13/96,1/1/99,Senior Staff
" 220,611 ",Yuping,Babb,1/23/65,1/31/95,1/1/99,Senior Staff
" 220,625 ",Shigenori,Deville,1/25/65,12/24/92,1/1/99,Technique Leader
" 220,699 ",Nahid,Gyimothy,1/7/65,8/18/95,1/1/99,Staff
" 220,799 ",Perla,Orlowska,1/17/65,10/13/98,1/1/99,Senior Engineer
" 221,126 ",Tesuya,dAstous,1/23/65,11/29/88,1/1/99,Senior Engineer
" 221,367 ",Saddek,Farris,1/13/65,11/6/90,1/1/99,Senior Staff
" 221,369 ",Abdulah,Pocchiola,1/28/65,8/28/96,1/1/99,Engineer
" 221,435 ",Djenana,Marrevee,1/6/65,2/6/94,1/1/99,Senior Engineer
" 221,973 ",Sangeeta,Kalefeld,1/17/65,6/6/90,1/1/99,Senior Staff
" 222,206 ",Stein,Uludag,1/21/65,1/30/88,1/1/99,Senior Staff
" 222,311 ",Miyeon,Billingsley,1/20/65,12/5/92,1/1/99,Senior Engineer
" 222,319 ",Matt,Chvatal,1/20/65,11/9/94,1/1/99,Senior Engineer
" 222,354 ",Valdiodio,Schlumberger,1/15/65,8/7/93,1/1/99,Engineer
" 222,616 ",Badri,Schapire,2/1/65,1/19/98,1/1/99,Assistant Engineer
" 222,770 ",Kazuhiko,Kushner,1/22/65,8/1/95,1/1/99,Senior Engineer
" 222,878 ",Annemarie,Zallocco,1/10/65,5/28/90,12/1/96,Senior Engineer
" 222,926 ",Limsoon,Erol,1/10/65,12/31/97,1/1/99,Senior Engineer
" 222,952 ",Gopalakrishnan,Suermann,1/28/65,4/30/91,1/1/99,Senior Engineer
" 222,998 ",Leaf,Awdeh,1/7/65,10/2/92,1/1/99,Senior Staff
" 223,593 ",Hidefumi,Moehrke,1/20/65,3/4/98,1/1/99,Staff
" 223,595 ",Chiranjit,Dredge,2/1/65,9/5/99,1/1/99,Technique Leader
" 224,135 ",Annemarie,Bressoud,1/2/65,6/23/98,1/1/99,Engineer
" 224,335 ",Perry,Chachaty,1/29/65,7/22/85,1/1/99,Senior Engineer
" 224,390 ",TRUE,Shobatake,1/24/65,5/17/96,1/1/99,Senior Staff
" 224,934 ",George,Miake,1/5/65,1/2/88,1/1/99,Senior Staff
" 225,438 ",Remmert,Quaggetto,1/14/65,4/28/92,1/1/99,Senior Staff
" 225,601 ",Masasuke,Genin,1/13/65,6/25/94,1/1/99,Engineer
" 225,788 ",Ipke,Kieras,1/8/65,12/18/95,1/1/99,Engineer
" 225,867 ",Ramalingam,Remmele,1/26/65,9/3/99,1/1/99,Senior Engineer
" 225,964 ",Mooi,Cooman,1/19/65,6/7/89,1/1/99,Senior Engineer
" 226,216 ",Giordano,Gini,1/28/65,8/14/93,1/1/99,Technique Leader
" 226,227 ",Herbert,Erva,1/7/65,9/6/86,1/1/99,Senior Engineer
" 227,354 ",Gio,Murtha,1/12/65,11/11/86,1/1/99,Senior Engineer
" 227,476 ",Macha,Schnabel,1/11/65,5/11/88,1/1/99,Senior Engineer
" 227,681 ",Mikhail,Rousseau,1/30/65,11/30/98,1/1/99,Staff
" 227,899 ",Garnik,Luce,1/23/65,9/15/98,1/1/99,Staff
" 227,901 ",Francesca,Azuma,1/26/65,6/8/96,1/1/99,Senior Staff
" 228,098 ",IEEE,Kroll,1/18/65,5/10/97,2/17/98,Engineer
" 228,248 ",Yuriy,Plump,1/9/65,9/8/88,1/1/99,Senior Staff
" 228,554 ",Bilhanan,Brendel,1/3/65,12/23/90,1/1/99,Senior Staff
" 228,766 ",Nahla,Smailagic,1/11/65,2/12/93,1/1/99,Senior Engineer
" 229,098 ",Berry,Yurek,1/8/65,8/16/95,1/1/99,Senior Staff
" 229,220 ",Fabrizio,Lichtman,1/21/65,2/9/87,1/1/99,Senior Engineer
" 229,248 ",Harjit,Terekhov,1/27/65,10/19/95,1/1/99,Staff
" 229,386 ",Pohua,Tasistro,1/3/65,6/2/89,11/4/94,Technique Leader
" 229,391 ",Paloma,Henseler,1/15/65,6/11/91,1/1/99,Senior Engineer
" 229,404 ",Gilbert,Kilgour,1/11/65,4/5/96,1/1/99,Staff
" 229,547 ",Moni,Schach,1/3/65,7/4/86,1/1/99,Senior Staff
" 229,727 ",Ewing,Millington,1/23/65,9/28/99,1/1/99,Engineer
" 229,981 ",Jamaludin,Fordan,1/19/65,2/6/92,1/1/99,Senior Engineer
" 230,002 ",Tadahiro,Backhouse,1/7/65,10/2/91,1/1/99,Senior Engineer
" 230,126 ",Bezalel,Radivojevic,1/31/65,7/2/88,1/1/99,Senior Staff
" 230,287 ",Renny,Alameldin,1/14/65,9/28/97,1/1/99,Assistant Engineer
" 230,354 ",Yinghua,Lorho,1/31/65,8/9/91,1/1/99,Senior Staff
" 230,498 ",Kolar,Puppo,1/15/65,4/25/90,1/1/99,Senior Engineer
" 230,579 ",Shahar,Negoita,1/17/65,3/19/94,1/1/99,Senior Staff
" 230,689 ",Dietrich,Crabtree,1/14/65,5/24/86,1/1/99,Senior Staff
" 230,865 ",Takushi,Brattka,1/2/65,6/3/99,1/1/99,Staff
" 231,069 ",Trygve,Siksek,1/22/65,11/9/95,1/1/99,Staff
" 231,459 ",Nectarios,Pramanik,1/28/65,11/18/99,1/1/99,Assistant Engineer
" 231,671 ",Chandrasekaran,Pearson,1/7/65,4/14/95,1/1/99,Staff
" 231,798 ",Goetz,Alvarado,1/28/65,12/25/88,1/1/99,Senior Engineer
" 232,178 ",Etsuo,Anandan,1/29/65,12/13/89,1/1/99,Senior Staff
" 232,209 ",Nitsan,Rouquie,1/11/65,8/1/88,1/1/99,Senior Engineer
" 232,697 ",Barry,Ramsak,1/23/65,9/7/90,1/1/99,Senior Engineer
" 232,723 ",Tesuya,Bugrara,1/14/65,2/13/93,1/1/99,Engineer
" 233,114 ",Alselm,Gargeya,1/20/65,12/25/87,1/1/99,Senior Engineer
" 233,394 ",Khalid,Lenart,1/6/65,12/24/95,1/1/99,Engineer
" 233,397 ",Fay,Sundgren,1/16/65,7/7/90,1/1/99,Senior Staff
" 233,426 ",Etsuo,Usery,1/12/65,3/2/95,1/1/99,Senior Engineer
" 233,690 ",Cedric,Riefers,1/17/65,9/8/94,1/1/99,Engineer
" 233,759 ",Zissis,Lodder,1/14/65,5/27/00,1/1/99,Engineer
" 233,765 ",Kotesh,Chachaty,1/20/65,3/25/91,1/1/99,Senior Engineer
" 233,785 ",Baziley,Ballarin,1/30/65,7/28/87,1/1/99,Senior Staff
" 233,818 ",Kellie,Heydon,1/1/65,11/11/85,1/1/99,Senior Engineer
" 234,195 ",Luerbio,Terkki,1/7/65,5/14/91,1/1/99,Senior Staff
" 234,739 ",Foong,Aamodt,1/31/65,6/28/86,1/1/99,Senior Engineer
" 235,017 ",Irena,Dratva,1/17/65,9/7/91,1/1/99,Senior Staff
" 235,096 ",Sverrir,Gyimothy,1/21/65,7/30/95,1/1/99,Senior Staff
" 235,325 ",Gro,Prochazka,1/6/65,10/16/92,1/1/99,Senior Engineer
" 235,368 ",Anneli,Joslin,1/9/65,4/12/87,1/1/99,Senior Engineer
" 235,458 ",Gio,Heuser,1/5/65,6/28/92,1/1/99,Senior Staff
" 235,729 ",Henk,Anger,2/1/65,1/19/93,1/1/99,Senior Staff
" 235,780 ",Sampalli,Bergere,1/17/65,4/8/94,1/1/99,Senior Engineer
" 235,793 ",Jayesh,Spinelli,1/3/65,7/18/92,1/16/99,Senior Engineer
" 236,315 ",IEEE,Raczkowsky,1/31/65,7/24/96,1/1/99,Technique Leader
" 236,566 ",Yechezkel,Maginnis,1/17/65,12/11/92,1/1/99,Senior Staff
" 236,591 ",Insup,Reinhard,1/11/65,4/8/85,1/1/99,Senior Staff
" 236,827 ",Almudena,Rijckaert,1/28/65,2/16/94,1/1/99,Senior Engineer
" 236,883 ",Huan,Olivero,1/27/65,11/19/99,1/1/99,Staff
" 236,964 ",Adel,Foote,1/17/65,8/19/98,3/20/00,Staff
" 238,112 ",Miomir,Frezza,1/12/65,5/25/91,1/1/99,Technique Leader
" 238,252 ",Uno,Suppi,1/9/65,12/27/96,1/1/99,Staff
" 238,422 ",Vishv,Angelov,1/10/65,3/8/88,1/1/99,Senior Staff
" 238,949 ",Minghong,Cronin,1/9/65,10/4/87,1/1/99,Senior Staff
" 239,067 ",Tadahiko,Pocchiola,1/11/65,4/2/96,1/1/99,Staff
" 239,244 ",Abdulla,Kitai,1/13/65,2/20/87,1/1/99,Senior Staff
" 239,415 ",Susumu,Brender,1/1/65,4/17/93,1/1/99,Senior Engineer
" 239,426 ",Vesna,Fairtlough,1/8/65,8/9/94,5/7/02,Engineer
" 239,664 ",Sugwoo,Michaels,1/4/65,8/2/92,1/1/99,Senior Engineer
" 239,706 ",Arunas,Bugrara,1/15/65,4/3/97,1/1/99,Assistant Engineer
" 239,748 ",Bilhanan,Dusink,1/23/65,6/4/88,1/1/99,Senior Staff
" 239,803 ",Oscal,Ernst,1/30/65,5/19/92,1/1/99,Senior Staff
" 240,132 ",Mizuhito,Kobara,2/1/65,8/9/96,1/1/99,Senior Staff
" 240,236 ",TRUE,Tischendorf,1/24/65,1/19/86,1/1/99,Senior Engineer
" 240,285 ",Kolar,Greenaway,1/23/65,11/14/98,1/1/99,Staff
" 240,340 ",Mack,Staylopatis,1/14/65,4/2/85,1/1/99,Senior Engineer
" 240,438 ",Temple,Cyre,1/2/65,9/30/92,1/1/99,Senior Staff
" 240,870 ",Francesca,Chorvat,1/6/65,3/17/92,1/1/99,Senior Staff
" 241,100 ",Cedric,Molenaar,1/23/65,10/6/90,1/1/99,Senior Engineer
" 241,254 ",Jagoda,Anguita,1/15/65,5/11/93,1/1/99,Senior Engineer
" 241,292 ",Uri,Lampe,1/29/65,10/17/87,12/11/01,Senior Staff
" 241,567 ",Emran,Miara,1/18/65,5/2/89,1/1/99,Senior Engineer
" 241,667 ",Atilio,Olivero,1/28/65,9/4/85,1/1/99,Senior Engineer
" 241,728 ",Limsoon,Boudaillier,1/30/65,8/8/99,1/1/99,Senior Engineer
" 241,872 ",Bluma,Fetvedt,1/11/65,2/3/92,11/14/01,Senior Staff
" 242,019 ",Herb,Murrill,1/9/65,10/28/01,1/1/99,Senior Engineer
" 242,081 ",Tomokazu,Pargas,1/12/65,11/15/96,1/1/99,Engineer
" 242,104 ",Richara,Sudkamp,1/5/65,9/5/89,1/1/99,Senior Staff
" 242,500 ",Bingning,Iisaku,1/8/65,6/26/89,1/1/99,Senior Staff
" 242,800 ",Kazuyasu,Levergood,1/11/65,2/10/96,1/1/99,Engineer
" 243,018 ",Bowen,Deverell,1/2/65,12/27/98,1/1/99,Senior Staff
" 243,077 ",Kazunori,Perz,2/1/65,2/25/99,1/1/99,Senior Engineer
" 243,576 ",Abdulah,Lodder,1/4/65,11/10/96,1/1/99,Senior Staff
" 243,637 ",Marjo,Delgrange,1/16/65,6/24/90,1/1/99,Senior Staff
" 243,898 ",Arch,Basawa,1/9/65,5/10/98,1/1/99,Staff
" 244,308 ",Mokhtar,Rebaine,1/10/65,7/23/91,1/1/99,Senior Staff
" 244,605 ",Masoud,Suwa,1/22/65,11/25/89,10/10/98,Senior Staff
" 244,624 ",Boaz,Seuren,1/31/65,3/27/87,1/1/99,Senior Staff
" 244,711 ",Rosli,Butner,1/25/65,3/20/91,1/1/99,Engineer
" 244,714 ",Poorav,Clouatre,1/27/65,5/6/96,1/1/99,Senior Engineer
" 244,820 ",Shigenori,Hertweck,1/15/65,4/13/87,1/1/99,Senior Engineer
" 244,873 ",Arunachalam,Oppitz,1/4/65,5/20/86,1/1/99,Senior Staff
" 245,164 ",Filipp,Winter,1/23/65,10/24/96,1/1/99,Senior Engineer
" 245,396 ",Gift,Bottner,1/31/65,3/4/95,1/1/99,Senior Staff
" 245,664 ",Manohar,Kilgore,1/18/65,11/17/98,1/1/99,Staff
" 246,146 ",Zhongwei,Melski,1/30/65,9/4/87,1/1/99,Senior Engineer
" 246,244 ",George,Casperson,1/9/65,1/20/00,1/1/99,Staff
" 246,364 ",Alper,Tiemann,1/6/65,10/29/98,1/1/99,Engineer
" 246,764 ",Shuzo,Czaja,1/4/65,11/29/97,1/1/99,Staff
" 246,798 ",Tianruo,Strooper,1/9/65,12/7/01,1/1/99,Senior Staff
" 246,902 ",Shih,Shanbhogue,1/27/65,4/19/98,1/1/99,Staff
" 247,089 ",Seongbae,Schahn,1/17/65,12/10/92,1/1/99,Senior Staff
" 247,122 ",Xiaobin,Narlikar,1/23/65,2/14/92,1/1/99,Senior Staff
" 247,447 ",Tzu,Bakhtari,1/28/65,3/18/94,1/1/99,Senior Engineer
" 247,456 ",Masako,Bahk,1/16/65,7/31/97,1/1/99,Engineer
" 247,612 ",Chiranjit,Constantine,1/4/65,5/25/97,1/1/99,Engineer
" 247,875 ",Xiong,Anick,1/2/65,4/23/91,1/1/99,Senior Staff
" 247,888 ",Abdelghani,Lagarias,1/15/65,9/6/85,1/1/99,Senior Engineer
" 248,256 ",Sajjan,Falby,1/5/65,8/29/96,1/1/99,Staff
" 248,351 ",Jaana,Milicia,2/1/65,6/2/85,1/1/99,Senior Staff
" 248,758 ",Snehasis,Muhlberg,2/1/65,7/16/91,12/25/94,Senior Staff
" 248,953 ",Percy,Sudbeck,1/29/65,8/29/96,1/1/99,Assistant Engineer
" 249,239 ",Hideyuki,Decleir,1/21/65,5/4/94,1/1/99,Senior Engineer
" 249,325 ",Ute,Pokrovskii,1/26/65,6/9/97,1/1/99,Staff
" 249,433 ",Ayonca,Matzov,1/16/65,6/3/88,1/1/99,Senior Engineer
" 249,504 ",Dmitry,Velardi,1/7/65,3/1/94,10/20/95,Senior Engineer
" 249,780 ",Nechama,Gaughan,1/12/65,7/9/93,1/1/99,Senior Engineer
" 249,799 ",Jolita,Neimat,1/4/65,12/27/93,1/1/99,Senior Engineer
" 249,866 ",Steen,Gubsky,1/15/65,1/14/89,1/1/99,Senior Staff
" 249,969 ",Georgi,Luiz,1/21/65,6/10/91,1/1/99,Senior Engineer
" 250,411 ",Ranga,Sommen,1/27/65,1/20/89,1/1/99,Senior Staff
" 250,452 ",Alexius,Plavsic,1/14/65,1/17/00,1/1/99,Senior Engineer
" 250,748 ",Kish,Turnbull,1/27/65,2/10/87,1/1/99,Senior Engineer
" 251,166 ",Hinrich,Hooghiemstra,1/22/65,10/5/85,1/1/99,Senior Staff
" 251,233 ",Yucel,Bernini,1/7/65,2/19/93,1/1/99,Senior Engineer
" 251,301 ",Pintsang,Impagliazzo,1/30/65,5/6/89,1/1/99,Senior Staff
" 251,341 ",Divier,Kumaresan,1/11/65,12/5/92,1/1/99,Senior Staff
" 251,403 ",Utpal,DuBourdieux,1/1/65,11/19/97,1/1/99,Technique Leader
" 251,437 ",Shichao,Iwayama,1/20/65,10/17/89,1/1/99,Engineer
" 251,645 ",Bezalel,Tsunoo,1/6/65,6/17/92,1/1/99,Senior Staff
" 251,680 ",Moty,Sommen,1/5/65,8/14/90,1/1/99,Senior Engineer
" 251,814 ",Mitsuyuki,Zockler,1/1/65,9/14/98,1/1/99,Technique Leader
" 252,185 ",Chaosheng,Conta,1/1/65,4/14/97,1/1/99,Engineer
" 252,316 ",Gill,Niizuma,1/7/65,10/8/94,1/1/99,Senior Engineer
" 252,392 ",Sanjeeva,Peron,1/1/65,12/26/93,1/1/99,Senior Engineer
" 253,029 ",Thodoros,Thimonier,1/13/65,4/5/95,1/1/99,Engineer
" 253,707 ",Insup,Hainaut,1/5/65,2/11/98,1/1/99,Staff
" 253,838 ",Stafford,Terlouw,1/28/65,2/21/99,1/1/99,Assistant Engineer
" 253,893 ",Huiqun,Trystram,1/4/65,5/10/93,1/1/99,Senior Engineer
" 254,044 ",Gunilla,Brendel,1/16/65,4/10/92,1/1/99,Senior Engineer
" 254,399 ",Armond,Lores,1/24/65,9/16/99,1/1/99,Technique Leader
" 254,821 ",Tonny,Couchot,1/24/65,12/12/94,1/1/99,Staff
" 255,466 ",Huan,Roccetti,1/18/65,7/3/85,1/1/99,Senior Engineer
" 255,657 ",Oldrich,Cyre,1/20/65,2/10/85,1/1/99,Senior Engineer
" 255,779 ",Heejo,Merle,1/31/65,9/4/97,1/1/99,Technique Leader
" 256,216 ",Halsur,Brodal,1/1/65,11/22/97,1/1/99,Engineer
" 256,856 ",Hongzue,Barbanera,1/3/65,6/17/87,1/1/99,Senior Staff
" 256,881 ",Ioana,Jakobus,1/3/65,8/10/90,1/1/99,Senior Engineer
" 256,888 ",Heather,Pehl,1/3/65,9/15/93,1/1/99,Staff
" 257,062 ",Stabislas,Pardalos,1/24/65,6/21/89,1/1/99,Senior Engineer
" 257,378 ",Pascal,Bernatsky,1/6/65,9/3/88,1/1/99,Senior Staff
" 257,469 ",Anyuan,Hanratty,1/22/65,1/6/88,1/1/99,Senior Staff
" 257,484 ",Shaowei,Nicolson,1/1/65,12/7/86,1/1/99,Senior Staff
" 258,028 ",Mountaz,Reinhart,1/7/65,1/21/00,7/3/01,Engineer
" 258,124 ",Mariusz,Zolotykh,1/17/65,7/28/90,1/1/99,Senior Staff
" 258,470 ",Weiwu,Butner,1/4/65,2/14/95,1/1/99,Staff
" 258,643 ",Przemyslawa,Esposito,1/11/65,2/27/92,1/1/99,Senior Engineer
" 259,042 ",Xiaoqiang,Farrow,1/12/65,1/1/97,1/1/99,Staff
" 259,237 ",Palash,Gammage,1/27/65,10/23/87,1/1/99,Senior Staff
" 259,273 ",Xiahua,Gomatam,1/22/65,12/1/89,1/1/99,Senior Engineer
" 259,611 ",Shuichi,Marrakchi,1/27/65,8/21/90,1/1/99,Senior Staff
" 259,619 ",Conal,Magliocco,1/21/65,5/9/92,1/1/99,Senior Staff
" 259,718 ",Stepehn,Bouloucos,1/24/65,12/13/93,1/1/99,Senior Staff
" 260,153 ",Mingdong,Baar,1/28/65,10/14/91,1/1/99,Technique Leader
" 260,249 ",Vugranam,Beausoleil,1/22/65,5/14/98,1/1/99,Staff
" 260,361 ",Reinhold,Rahier,1/25/65,6/6/95,10/9/97,Engineer
" 260,399 ",Hatem,Birsak,1/30/65,4/10/89,1/1/99,Senior Staff
" 260,408 ",Sasan,Brookner,1/19/65,9/3/96,1/1/99,Senior Staff
" 260,501 ",Dzung,Pargas,1/14/65,5/17/90,1/1/99,Technique Leader
" 261,184 ",Masako,Kornatzky,1/30/65,8/29/87,1/1/99,Senior Engineer
" 261,631 ",Jianhua,Huttel,1/8/65,2/23/98,1/1/99,Engineer
" 261,662 ",Berni,Assaf,1/11/65,9/8/89,1/1/99,Senior Staff
" 261,737 ",Mark,Lindqvist,1/23/65,11/22/90,1/1/99,Senior Engineer
" 261,986 ",Gila,Ramsak,1/21/65,5/13/97,1/1/99,Senior Engineer
" 261,990 ",Volkmar,Czaja,1/16/65,4/1/92,1/1/99,Senior Staff
" 262,208 ",Mrinalini,Holburn,1/16/65,4/20/87,5/23/87,Senior Staff
" 262,210 ",Chinho,Bottner,1/22/65,7/29/85,1/1/99,Senior Engineer
" 262,328 ",Mayuko,Vural,1/3/65,12/24/97,1/1/99,Staff
" 262,439 ",Lorien,Lagarias,1/30/65,10/10/85,1/1/99,Senior Staff
" 262,636 ",Tamiya,Reutenauer,1/4/65,4/10/92,1/1/99,Senior Engineer
" 262,752 ",Pramod,Bierman,1/4/65,12/12/97,1/1/99,Engineer
" 262,928 ",Piyush,Gill,1/1/65,8/31/90,2/20/95,Senior Engineer
" 263,012 ",Hideo,Buchter,1/9/65,5/1/99,1/1/99,Staff
" 263,186 ",Danny,Lowrie,1/22/65,9/13/95,1/1/99,Technique Leader
" 263,370 ",Shakhar,Ranze,1/3/65,5/29/99,1/1/99,Staff
" 263,439 ",Atreye,Kabayashi,1/9/65,12/15/86,1/1/99,Senior Engineer
" 263,645 ",Mingsen,Lally,1/19/65,12/4/90,1/1/99,Senior Engineer
" 263,649 ",Mechthild,Zongker,1/17/65,7/26/93,1/1/99,Senior Staff
" 263,926 ",Fusako,Schwartzbauer,1/3/65,4/7/85,1/1/99,Senior Staff
" 264,030 ",Zdislav,Solares,1/15/65,12/14/90,1/1/99,Engineer
" 264,167 ",Baoqiu,Tomescu,1/25/65,5/1/96,1/1/99,Senior Engineer
" 264,322 ",Leandro,Swist,1/3/65,1/6/91,1/1/99,Senior Staff
" 264,626 ",Noritoshi,Bakhtari,1/13/65,2/3/93,1/1/99,Senior Staff
" 264,939 ",Bogdan,Bahi,1/10/65,2/9/85,2/13/99,Senior Engineer
" 265,039 ",Navid,Staudhammer,1/3/65,10/18/92,1/1/99,Senior Staff
" 265,521 ",Kensei,Salverda,1/4/65,5/25/93,1/1/99,Senior Engineer
" 265,558 ",Susuma,Kleiser,1/31/65,8/2/87,1/1/99,Senior Staff
" 265,794 ",Miquel,Halloran,1/15/65,1/14/94,1/1/99,Senior Staff
" 265,875 ",Fan,Marsiglia,1/20/65,9/3/89,1/1/99,Senior Engineer
" 266,206 ",Zsolt,Anily,2/1/65,8/19/85,1/1/99,Senior Staff
" 266,249 ",Sumant,Nishimukai,1/15/65,3/28/91,1/1/99,Senior Staff
" 266,310 ",Zvonko,Serdy,1/23/65,6/24/87,1/1/99,Senior Staff
" 266,644 ",Anwar,Gubsky,1/8/65,8/9/93,1/1/99,Senior Staff
" 266,862 ",Mart,Plumb,1/10/65,4/21/86,1/1/99,Senior Staff
" 266,881 ",Mokhtar,Sabnani,1/11/65,8/28/90,2/4/97,Senior Staff
" 267,059 ",Moie,Tempesti,1/9/65,6/29/91,1/1/99,Senior Staff
" 267,227 ",Susuma,Tagansky,1/10/65,1/22/95,1/1/99,Senior Engineer
" 267,304 ",Jordanka,Axelband,1/6/65,6/27/94,1/1/99,Senior Staff
" 267,667 ",Irena,Kaiserswerth,1/5/65,9/5/87,1/1/99,Senior Staff
" 268,043 ",Narain,Mikschl,1/28/65,11/2/97,1/1/99,Engineer
" 268,191 ",LiMin,Teitelbaum,1/7/65,11/1/90,1/1/99,Senior Engineer
" 269,728 ",Naftali,Kragelund,1/12/65,5/16/87,1/1/99,Senior Staff
" 270,084 ",Ulises,Frolund,1/11/65,7/26/86,1/1/99,Senior Staff
" 270,716 ",Shunichi,Baer,1/19/65,2/4/98,1/1/99,Staff
" 270,794 ",Dannz,Zhang,2/1/65,6/26/91,1/1/99,Senior Staff
" 271,106 ",Taisook,Kampfer,1/10/65,11/30/97,1/1/99,Engineer
" 271,219 ",Odoardo,Tyugu,1/16/65,11/7/94,1/1/99,Engineer
" 272,141 ",Tsutomu,Neiman,1/13/65,7/31/96,1/1/99,Senior Staff
" 272,285 ",Gully,Mitchem,1/19/65,1/22/86,1/1/99,Senior Staff
" 272,316 ",Surveyors,Muhling,1/5/65,7/19/99,1/1/99,Engineer
" 272,452 ",Mitsuyuki,Isard,1/10/65,8/17/96,2/27/02,Engineer
" 272,599 ",Holgard,Hegner,1/16/65,7/15/93,1/1/99,Senior Staff
" 272,860 ",Minghong,Candan,2/1/65,2/10/94,1/1/99,Assistant Engineer
" 273,159 ",Divine,Hofmeyr,1/26/65,4/14/89,1/1/99,Technique Leader
" 273,286 ",Brigham,Asmuth,1/26/65,1/23/89,1/1/99,Senior Engineer
" 273,396 ",Wayne,Baba,1/10/65,3/7/98,1/1/99,Engineer
" 273,806 ",Hongzhu,Beetstra,1/1/65,1/24/91,8/18/97,Senior Staff
" 273,858 ",Gunilla,Matzen,1/13/65,12/28/90,1/1/99,Senior Staff
" 274,071 ",Mingsen,Weiland,1/1/65,10/12/95,1/1/99,Staff
" 274,271 ",Prodip,Ritcey,1/10/65,9/10/86,1/1/99,Senior Staff
" 274,369 ",Ranga,Waymire,1/29/65,1/27/97,1/1/99,Senior Staff
" 274,813 ",Yefim,Pettey,1/10/65,8/7/93,1/1/99,Senior Staff
" 275,158 ",Satyanarayana,Brandsma,1/7/65,12/8/99,1/1/99,Engineer
" 275,263 ",Vojin,Laventhal,1/21/65,10/18/91,1/1/99,Senior Engineer
" 275,444 ",Limsoon,Leppanen,1/16/65,1/21/93,1/1/99,Senior Engineer
" 275,495 ",Shen,Yamaashi,1/13/65,2/19/95,1/1/99,Staff
" 275,801 ",Ayakannu,Heinisuo,1/22/65,6/28/86,1/1/99,Senior Staff
" 275,881 ",Jiann,Munro,1/8/65,5/18/88,1/1/99,Senior Engineer
" 275,994 ",Uma,Prampolini,1/29/65,2/21/91,1/1/99,Senior Engineer
" 276,027 ",Holgard,Stavenow,1/4/65,2/28/86,1/1/99,Senior Staff
" 276,184 ",Mari,Swick,1/10/65,4/8/91,1/1/99,Senior Staff
" 276,186 ",Sajjad,Vecchi,1/30/65,6/2/93,1/1/99,Senior Staff
" 276,189 ",Isaac,Klerer,1/10/65,3/19/95,1/1/99,Senior Staff
" 276,445 ",Atilio,Randi,1/27/65,7/2/88,1/1/99,Senior Engineer
" 276,472 ",Hideyuki,Flanders,1/27/65,11/10/88,1/1/99,Senior Engineer
" 276,563 ",Gift,Solares,1/1/65,8/1/95,1/1/99,Senior Staff
" 276,868 ",Alois,Sanella,1/19/65,3/13/98,1/1/99,Staff
" 277,316 ",Vitali,Rothenberg,1/3/65,10/4/89,1/1/99,Senior Staff
" 277,362 ",Uzi,Kugler,1/9/65,1/12/91,1/1/99,Senior Staff
" 277,420 ",Rayond,Schach,1/16/65,4/22/95,1/1/99,Senior Engineer
" 277,777 ",Herbert,Itzigehl,1/27/65,7/4/90,1/1/99,Senior Engineer
" 277,829 ",Michaela,Fandrianto,1/22/65,6/2/86,1/1/99,Senior Engineer
" 278,239 ",Boaz,Bottner,1/19/65,2/6/94,1/1/99,Staff
" 278,386 ",Caolyn,Poujol,1/15/65,12/3/95,1/1/99,Technique Leader
" 278,452 ",Sudhanshu,Toyoshima,1/7/65,8/29/87,1/1/99,Senior Staff
" 278,536 ",Munenori,Shobatake,1/14/65,1/10/92,1/1/99,Senior Staff
" 278,549 ",Jaana,Werthner,1/2/65,7/27/89,1/1/99,Senior Staff
" 278,953 ",Jeanna,Ghandeharizadeh,1/26/65,8/11/90,1/1/99,Senior Engineer
" 279,115 ",Maren,DuCasse,1/5/65,11/29/97,1/1/99,Engineer
" 279,280 ",Niranjan,Debuse,1/9/65,9/21/92,1/1/99,Senior Engineer
" 279,791 ",Chiranjit,Lyonns,1/10/65,12/24/86,1/1/99,Engineer
" 280,070 ",Niteen,Ebeling,1/24/65,3/29/88,1/1/99,Senior Staff
" 280,291 ",Lenore,Badache,1/26/65,11/24/98,1/1/99,Staff
" 280,420 ",Jahangir,Hofting,1/31/65,9/28/86,1/1/99,Senior Staff
" 280,525 ",Kish,Herbst,1/13/65,8/18/96,1/1/99,Staff
" 280,648 ",Heeju,Lorys,1/4/65,12/27/86,1/1/99,Senior Engineer
" 281,570 ",Zijian,Covnot,1/8/65,9/13/94,1/1/99,Assistant Engineer
" 281,692 ",Khosrow,Sommen,1/6/65,3/3/90,1/1/99,Senior Engineer
" 281,848 ",Parke,Staylopatis,1/29/65,7/31/93,1/1/99,Senior Engineer
" 281,859 ",Masanao,Papastamatiou,1/17/65,11/25/85,1/1/99,Senior Engineer
" 282,191 ",Alper,Shinomoto,1/16/65,10/20/97,1/1/99,Engineer
" 282,333 ",Nahla,Serdy,1/25/65,9/9/93,1/1/99,Senior Staff
" 282,343 ",Xinglin,Haldar,1/13/65,7/20/88,1/1/99,Senior Staff
" 282,547 ",Nahum,Codenie,1/18/65,6/14/99,1/1/99,Engineer
" 282,585 ",Zijian,Lammel,1/3/65,7/1/96,1/1/99,Staff
" 282,894 ",Fay,Bellmore,1/5/65,5/3/89,1/1/99,Senior Engineer
" 284,300 ",Ishfaq,Mahmud,1/22/65,11/29/91,1/1/99,Senior Staff
" 284,431 ",Pintsang,Fujisawa,1/25/65,4/16/96,1/1/99,Senior Staff
" 284,561 ",Duri,Beznosov,1/3/65,2/15/88,1/1/99,Senior Engineer
" 284,687 ",Oksana,Redmiles,1/15/65,6/22/85,1/1/99,Senior Engineer
" 284,691 ",Theron,Ressouche,1/4/65,8/17/88,1/1/99,Senior Engineer
" 284,711 ",Martijn,Azevdeo,1/21/65,2/10/88,1/1/99,Senior Engineer
" 284,717 ",Gal,Ranta,1/11/65,11/7/92,1/1/99,Senior Engineer
" 284,856 ",Moto,Kobara,1/5/65,12/12/91,1/1/99,Senior Engineer
" 284,954 ",Anneke,Hammerschmidt,1/16/65,1/30/96,1/1/99,Engineer
" 285,164 ",Xiaocheng,Kumaresan,1/2/65,10/3/94,1/1/99,Staff
" 285,396 ",Lena,Kohling,1/27/65,10/4/86,1/1/99,Senior Engineer
" 285,905 ",Kellyn,Bage,1/9/65,11/4/94,1/1/99,Senior Staff
" 285,906 ",Arnould,Buescher,1/2/65,3/26/98,1/1/99,Engineer
" 286,026 ",Utpal,Zaumen,1/21/65,2/25/91,1/1/99,Senior Staff
" 286,029 ",Jaques,Nanard,1/28/65,7/16/96,1/1/99,Staff
" 286,370 ",Toshimitsu,Seuren,1/6/65,1/19/95,1/1/99,Senior Staff
" 286,452 ",Behnaam,Bierbaum,1/26/65,1/31/99,1/1/99,Engineer
" 286,573 ",Nahum,Nishimukai,1/27/65,7/29/94,1/1/99,Senior Engineer
" 286,779 ",Sigeru,Versino,1/24/65,8/31/98,1/1/99,Engineer
" 286,986 ",Woody,Trelles,1/1/65,5/23/96,1/1/99,Senior Engineer
" 287,323 ",Steve,Dengi,2/1/65,9/15/99,1/1/99,Staff
" 287,327 ",Youjian,Felder,1/13/65,7/15/93,1/1/99,Senior Staff
" 287,334 ",Elliott,Speer,1/5/65,8/8/98,1/1/99,Engineer
" 287,482 ",Shigeaki,Gihr,1/1/65,3/18/94,1/1/99,Senior Engineer
" 287,583 ",Jovan,Hockney,1/18/65,6/21/90,1/1/99,Senior Engineer
" 287,609 ",Sailaja,Negoita,1/6/65,1/20/88,1/1/99,Senior Engineer
" 287,713 ",Aamod,Ranka,1/23/65,12/7/92,1/1/99,Senior Staff
" 287,808 ",Vidar,Ozeki,1/9/65,6/17/96,1/1/99,Technique Leader
" 287,983 ",Randi,Munos,1/23/65,9/7/90,1/1/99,Senior Staff
" 287,984 ",Troy,Kobuchi,1/9/65,2/12/91,1/1/99,Senior Engineer
" 288,028 ",Kauko,Narwekar,1/22/65,12/16/85,1/1/99,Senior Engineer
" 288,142 ",Shay,Heystek,1/25/65,4/1/89,1/1/99,Senior Staff
" 288,166 ",Masoud,Asmuth,1/11/65,9/5/94,1/1/99,Staff
" 288,560 ",Yifei,Birjandi,1/16/65,2/7/94,1/1/99,Senior Staff
" 288,563 ",Cristinel,Gerlach,1/2/65,1/9/96,1/1/99,Senior Engineer
" 288,606 ",Susumu,Swiss,1/21/65,11/15/91,1/1/99,Senior Staff
" 288,665 ",Horward,Khasidashvili,1/31/65,11/19/98,1/1/99,Senior Engineer
" 288,893 ",Bedrich,Rosenbaum,1/30/65,1/27/91,1/1/99,Senior Engineer
" 289,454 ",Bowen,Narwekar,1/20/65,3/8/85,1/1/99,Senior Engineer
" 289,687 ",Fai,Maccarone,1/31/65,10/30/85,1/1/99,Senior Staff
" 289,807 ",Soenke,Lemarechal,1/4/65,9/4/94,1/1/99,Senior Staff
" 289,909 ",Hilari,Vecchio,1/9/65,4/24/93,1/1/99,Senior Staff
" 290,009 ",Zijian,Rindone,1/22/65,7/9/89,1/1/99,Senior Staff
" 290,075 ",Boalin,Byoun,1/15/65,10/1/90,1/1/99,Senior Staff
" 290,284 ",Kwangjo,Menhardt,1/8/65,1/11/96,1/1/99,Engineer
" 290,441 ",Gregory,Collavizza,1/25/65,9/9/87,1/1/99,Senior Staff
" 290,467 ",Shaowen,Poulakidas,1/29/65,4/15/87,1/1/99,Senior Staff
" 290,478 ",Tsvetan,Sherertz,1/3/65,8/7/89,1/1/99,Engineer
" 290,563 ",Shigehiro,Oxenboll,1/9/65,2/26/86,1/1/99,Senior Engineer
" 290,769 ",Lalit,Blokdijk,1/26/65,2/1/99,1/1/99,Senior Engineer
" 291,352 ",Danai,Trelles,1/7/65,4/17/92,8/26/97,Technique Leader
" 291,612 ",Siamak,Gomatam,1/30/65,7/8/98,1/1/99,Engineer
" 291,669 ",Faiza,Bach,1/4/65,9/13/99,1/1/99,Engineer
" 292,110 ",Menkae,Showalter,1/23/65,8/9/96,1/1/99,Senior Engineer
" 292,146 ",Khatoun,Pulkowski,1/9/65,1/9/02,1/1/99,Engineer
" 292,210 ",Masaru,Huhdanpaa,1/17/65,11/23/96,1/1/99,Senior Engineer
" 292,404 ",Hongzue,Zultner,1/28/65,2/22/90,1/1/99,Senior Staff
" 292,504 ",Georgi,Bednarek,1/27/65,3/2/94,1/1/99,Senior Engineer
" 292,515 ",Bernd,Thummel,1/4/65,8/3/89,1/1/99,Engineer
" 292,828 ",Ziya,Tokunaga,1/10/65,1/8/86,1/1/99,Senior Engineer
" 293,080 ",Hideyuki,Slaats,1/12/65,5/30/87,1/1/99,Senior Staff
" 293,154 ",Syozo,Maliniak,1/21/65,6/6/93,1/1/99,Senior Staff
" 293,280 ",Moti,Steenbeek,1/24/65,1/22/87,1/1/99,Senior Engineer
" 293,329 ",Fumiya,Griswold,1/15/65,6/12/86,1/1/99,Senior Engineer
" 293,746 ",Sanjay,Litecky,1/25/65,8/27/95,1/1/99,Senior Engineer
" 293,752 ",Jungsoon,Bail,1/4/65,2/18/86,1/1/99,Senior Staff
" 294,144 ",Takanari,Ermel,1/9/65,1/11/92,1/1/99,Senior Staff
" 294,241 ",Marl,Fiebach,1/12/65,7/26/94,1/1/99,Senior Staff
" 294,446 ",Claudi,Ruemmler,1/27/65,8/13/99,1/1/99,Staff
" 294,461 ",Siddarth,Rosiles,1/14/65,11/18/85,1/1/99,Senior Engineer
" 294,527 ",Ashish,Candan,1/4/65,2/2/92,1/1/99,Senior Staff
" 294,652 ",Hironobu,Brodie,1/27/65,9/17/85,12/21/98,Senior Engineer
" 294,791 ",Vesna,Lammel,1/28/65,10/8/99,1/1/99,Assistant Engineer
" 294,857 ",Caolyn,Ozeri,1/15/65,7/29/86,1/1/99,Senior Engineer
" 295,030 ",Fun,Keirsey,1/1/65,7/9/85,1/1/99,Senior Staff
" 295,236 ",Kauko,Fujisawa,1/24/65,9/13/87,1/1/99,Senior Engineer
" 295,254 ",Xuejun,Pfau,1/15/65,7/24/85,1/1/99,Senior Staff
" 295,255 ",Jacopo,Bellone,1/4/65,3/13/88,1/1/99,Technique Leader
" 295,262 ",Moon,Pews,1/22/65,8/6/94,1/1/99,Assistant Engineer
" 295,268 ",Eben,Calkin,1/28/65,12/19/96,1/1/99,Senior Staff
" 295,278 ",Val,Barvinok,1/4/65,1/2/90,1/1/99,Senior Engineer
" 295,411 ",Chiranjit,Serot,1/18/65,4/4/97,1/1/99,Staff
" 295,857 ",Kankanahalli,Ciolek,1/17/65,12/26/89,1/1/99,Senior Staff
" 296,062 ",Shaz,Driscoll,1/29/65,10/3/98,1/1/99,Staff
" 296,303 ",Mariangiola,Heyers,1/28/65,8/4/92,1/1/99,Technique Leader
" 296,428 ",Charmane,Simmen,1/3/65,3/7/89,1/1/99,Senior Staff
" 296,664 ",Dipayan,Geffroy,1/31/65,9/17/87,1/1/99,Senior Engineer
" 296,687 ",Palash,Spieker,1/2/65,5/11/91,1/1/99,Senior Staff
" 296,718 ",Kamakshi,Bahl,1/30/65,12/22/87,1/1/99,Senior Engineer
" 297,232 ",Lokesh,Saoudi,1/16/65,5/25/99,1/1/99,Senior Staff
" 297,431 ",Cathie,Ratnakar,1/12/65,6/23/96,1/1/99,Senior Staff
" 297,474 ",Irena,Terkki,1/13/65,3/11/98,1/1/99,Staff
" 297,905 ",Marc,Bahl,1/12/65,6/18/97,1/1/99,Assistant Engineer
" 297,954 ",Sailaja,Fujisaki,1/13/65,7/24/95,1/1/99,Assistant Engineer
" 298,339 ",King,Benzmuller,1/11/65,9/4/86,1/1/99,Senior Engineer
" 298,577 ",Florina,Litecky,1/11/65,12/2/85,1/1/99,Senior Staff
" 298,953 ",Zita,Syang,2/1/65,12/29/98,1/1/99,Staff
" 299,346 ",Fumitake,Sichman,1/9/65,2/21/91,1/1/99,Senior Staff
" 299,580 ",Luisa,Itzfeldt,1/21/65,1/23/97,1/1/99,Engineer
" 299,718 ",Denny,Shobatake,1/15/65,6/22/97,1/1/99,Senior Staff
" 299,737 ",Patricio,Itzfeldt,2/1/65,5/21/85,1/1/99,Senior Staff
" 400,046 ",Hilari,Christ,1/12/65,10/7/96,1/1/99,Senior Staff
" 400,358 ",Angus,Jullig,1/31/65,4/13/89,1/1/99,Senior Engineer
" 400,683 ",Kamakshi,Manders,1/28/65,8/5/95,1/1/99,Staff
" 400,780 ",Poornachandra,Asser,1/9/65,11/7/93,1/1/99,Engineer
" 400,796 ",Bodo,Halevi,1/10/65,5/30/96,1/1/99,Engineer
" 401,154 ",Danae,Kragelund,1/27/65,5/20/87,1/1/99,Senior Staff
" 401,278 ",Oguz,Schurmann,1/16/65,11/11/86,1/1/99,Engineer
" 401,333 ",Martins,Shokrollahi,1/30/65,11/4/86,1/1/99,Senior Engineer
" 401,420 ",Florian,Uhrig,1/6/65,1/31/87,1/1/99,Senior Staff
" 401,574 ",Yannik,Falco,1/13/65,1/15/88,1/1/99,Technique Leader
" 402,025 ",Shigehito,Duclos,1/20/65,9/20/87,1/1/99,Senior Engineer
" 402,102 ",Kersti,Granlund,1/21/65,3/19/95,1/1/99,Engineer
" 402,664 ",Subhada,Janetzko,1/4/65,1/25/87,1/1/99,Senior Engineer
" 402,718 ",Jeanna,Rettelbach,1/17/65,2/14/90,1/1/99,Senior Engineer
" 402,827 ",Weidon,Pollacia,1/28/65,3/24/02,1/1/99,Senior Staff
" 403,010 ",Toshimitsu,Sluis,1/16/65,2/18/85,1/1/99,Senior Engineer
" 403,621 ",Deborah,Kaminger,1/7/65,6/4/88,1/1/99,Senior Staff
" 403,644 ",Krisda,Hainaut,1/19/65,7/8/95,1/1/99,Senior Staff
" 403,954 ",Jeanna,Bratten,1/10/65,7/26/90,1/1/99,Senior Engineer
" 404,018 ",Valery,Babb,1/11/65,10/19/98,1/1/99,Senior Engineer
" 404,236 ",Zengping,Kakkar,1/12/65,7/22/88,1/1/99,Senior Engineer
" 404,462 ",Anestis,Setlzner,1/9/65,7/13/85,1/1/99,Senior Engineer
" 404,573 ",Eberhardt,Spelt,1/31/65,7/5/97,1/1/99,Staff
" 404,755 ",Manu,Junet,1/13/65,4/20/91,1/1/99,Senior Staff
" 404,788 ",Basem,Beausoleil,1/16/65,3/16/98,1/1/99,Engineer
" 405,015 ",Morris,Fargier,1/2/65,6/29/88,1/1/99,Senior Staff
" 405,063 ",Yechezkel,Yurov,1/26/65,11/30/98,11/16/01,Senior Engineer
" 406,125 ",Georgi,Portugali,1/25/65,9/27/87,1/1/99,Technique Leader
" 406,239 ",Marek,Tomescu,1/9/65,5/15/95,1/1/99,Senior Engineer
" 406,564 ",Parviz,Picco,1/25/65,4/16/95,1/1/99,Engineer
" 406,714 ",Malu,Ossenbruggen,2/1/65,11/21/86,1/1/99,Senior Staff
" 406,847 ",Alexius,Crouzet,1/24/65,10/5/99,1/1/99,Staff
" 407,522 ",Tommaso,Raczkowsky,1/25/65,8/29/96,1/1/99,Staff
" 407,837 ",Fei,Erez,2/1/65,4/2/88,1/1/99,Senior Engineer
" 408,019 ",Shridhar,Chleq,1/1/65,3/22/86,1/1/99,Senior Engineer
" 408,114 ",Geoffrey,Ladret,1/5/65,1/3/94,1/1/99,Engineer
" 408,163 ",Irene,Sethi,1/21/65,8/12/00,1/1/99,Senior Engineer
" 408,417 ",Tsz,Daescu,1/19/65,9/28/94,1/1/99,Staff
" 408,437 ",Uno,Solares,1/29/65,9/22/94,1/1/99,Senior Staff
" 408,447 ",Mayuri,Werthner,1/13/65,8/19/90,2/20/01,Senior Staff
" 408,654 ",Yongqiao,Cochrane,1/9/65,10/27/86,1/1/99,Senior Staff
" 408,953 ",Jolita,Claffy,1/26/65,12/24/93,1/1/99,Senior Engineer
" 409,391 ",Willard,Verspoor,1/6/65,2/28/99,1/1/99,Engineer
" 409,798 ",Dekang,Tsunoo,1/15/65,1/19/95,1/1/99,Technique Leader
" 409,805 ",Frazer,Candan,1/15/65,3/5/99,1/1/99,Senior Engineer
" 409,898 ",Divier,Ishibashi,2/1/65,9/22/89,1/1/99,Senior Engineer
" 410,028 ",Xiadong,McClurg,1/11/65,9/17/85,1/1/99,Senior Staff
" 410,372 ",Duri,Mitina,1/8/65,3/4/90,1/1/99,Senior Engineer
" 410,433 ",Kazuhisa,Riesenhuber,1/19/65,10/6/92,1/1/99,Senior Engineer
" 410,616 ",Gudjon,Kalorkoti,1/18/65,4/14/94,1/1/99,Senior Engineer
" 410,804 ",Ronnie,Denos,1/17/65,6/8/92,1/1/99,Senior Engineer
" 410,881 ",Koichi,Grabner,1/6/65,4/24/90,4/5/00,Senior Engineer
" 411,070 ",Otmar,Brandsma,1/29/65,5/28/87,1/1/99,Senior Engineer
" 411,082 ",Martine,Cangellaris,1/8/65,4/28/92,1/1/99,Senior Engineer
" 411,143 ",Goncalo,Barbanera,1/8/65,9/1/96,1/1/99,Senior Staff
" 412,404 ",Mitsuyuki,Jeansoulin,1/15/65,10/28/99,1/1/99,Senior Engineer
" 412,757 ",Leen,Peak,1/3/65,11/20/99,1/1/99,Engineer
" 413,098 ",Hsiangchu,Taubenfeld,1/26/65,4/17/93,1/1/99,Senior Staff
" 413,205 ",Mototsugu,Prampolini,1/9/65,6/12/88,1/1/99,Senior Staff
" 413,666 ",Remco,Duclos,1/5/65,4/18/88,1/1/99,Senior Staff
" 413,729 ",Harjit,Ernst,1/2/65,4/26/92,1/1/99,Technique Leader
" 413,831 ",Mohamadou,Grabner,1/9/65,11/25/91,1/1/99,Senior Staff
" 413,832 ",Marco,Jahnichen,1/24/65,3/28/95,1/1/99,Senior Staff
" 414,027 ",Tadanori,Msuda,1/31/65,11/6/88,2/20/93,Senior Engineer
" 414,091 ",Wuxu,Kuhnemann,1/17/65,8/19/97,1/1/99,Engineer
" 414,543 ",Bernd,Anick,1/3/65,11/19/88,1/1/99,Senior Engineer
" 414,551 ",Elliott,Copas,1/22/65,9/13/94,1/1/99,Senior Engineer
" 414,662 ",Ipke,Schneeberger,1/21/65,9/20/85,1/1/99,Senior Engineer
" 414,714 ",Chinho,Delgrande,1/6/65,11/7/96,1/1/99,Senior Staff
" 414,814 ",Dayanand,Wielonsky,1/28/65,2/28/99,1/1/99,Staff
" 414,897 ",Juyoung,Willoner,1/17/65,11/3/89,1/1/99,Senior Staff
" 415,187 ",Juyoung,Peltason,1/3/65,9/1/98,1/1/99,Assistant Engineer
" 415,338 ",Shigeo,Emmart,1/22/65,12/24/95,1/1/99,Assistant Engineer
" 415,363 ",Conal,Shackell,1/19/65,2/23/95,1/1/99,Senior Staff
" 415,563 ",Mrinalini,Bierbaum,1/21/65,3/12/86,1/1/99,Senior Engineer
" 416,074 ",Alain,Lieberherr,1/8/65,5/11/87,1/1/99,Senior Engineer
" 416,383 ",Nectarios,Itschner,1/29/65,3/2/90,1/1/99,Senior Engineer
" 416,420 ",Adamantios,Heemskerk,1/22/65,8/8/86,1/1/99,Senior Staff
" 416,492 ",Kannan,Meriste,1/15/65,8/12/92,1/1/99,Senior Engineer
" 416,660 ",Nathalie,Luke,1/28/65,9/16/87,1/1/99,Senior Engineer
" 416,720 ",Tokuyasu,Xiaoshan,1/14/65,9/19/91,1/1/99,Senior Engineer
" 416,877 ",Gio,Orsini,1/2/65,12/7/88,1/1/99,Senior Staff
" 416,892 ",Shooichi,Vandervoorde,1/3/65,8/16/96,1/1/99,Engineer
" 417,435 ",Bouchung,Zaumen,1/3/65,1/29/99,1/1/99,Senior Staff
" 418,239 ",Josyula,Motley,1/3/65,3/26/96,1/1/99,Senior Engineer
" 418,247 ",Oscar,Oppitz,1/8/65,7/27/02,1/1/99,Senior Staff
" 418,298 ",Arvin,Pusterhofer,1/8/65,3/2/95,1/1/99,Senior Engineer
" 418,309 ",Danel,Petereit,1/24/65,2/21/85,1/1/99,Senior Engineer
" 418,380 ",Kazuhiko,Gornas,1/2/65,5/20/93,1/1/99,Senior Engineer
" 418,566 ",Kazuhide,Snedden,1/27/65,6/14/96,1/1/99,Senior Engineer
" 418,606 ",Michaela,Otillio,1/11/65,1/5/94,1/1/99,Engineer
" 418,717 ",Arunachalam,Magliocco,1/20/65,12/23/87,1/1/99,Senior Staff
" 418,860 ",Ymte,Dalton,2/1/65,11/22/92,1/1/99,Senior Staff
" 419,099 ",Heon,Broomell,1/15/65,5/6/98,1/1/99,Staff
" 419,953 ",Ung,Orlowski,1/29/65,7/22/91,1/1/99,Senior Staff
" 420,086 ",Susuma,Kitsuregawa,1/27/65,5/28/85,1/1/99,Senior Engineer
" 420,476 ",Mariangiola,Bolsens,1/28/65,6/15/85,1/1/99,Senior Staff
" 420,557 ",Mabhin,Eastman,1/6/65,8/2/89,1/1/99,Senior Staff
" 420,694 ",Frazer,Barbanera,1/19/65,11/4/86,1/1/99,Senior Staff
" 420,732 ",Willard,Morrin,1/6/65,5/27/96,1/1/99,Senior Staff
" 420,759 ",Raimond,Solovay,1/4/65,10/3/97,1/1/99,Staff
" 420,765 ",Shawna,Krider,1/17/65,3/9/90,1/1/99,Senior Staff
" 420,877 ",Khosrow,Erez,1/29/65,2/11/90,1/1/99,Senior Staff
" 421,022 ",Shigeaki,Butner,1/26/65,7/13/96,1/1/99,Senior Staff
" 421,033 ",Garnik,Randt,1/14/65,12/23/89,1/1/99,Senior Staff
" 421,074 ",Zhaofang,Falster,1/7/65,6/29/94,1/1/99,Senior Staff
" 421,312 ",Mariangiola,Bashian,1/13/65,9/18/99,1/1/99,Engineer
" 421,384 ",Renny,Bednarek,1/2/65,6/1/87,1/1/99,Senior Staff
" 421,755 ",Shichao,Thiria,1/3/65,1/11/89,1/1/99,Senior Engineer
" 422,146 ",Kenton,Miara,1/8/65,3/13/02,1/1/99,Engineer
" 422,783 ",Jagoda,Uhrig,1/18/65,9/1/95,1/1/99,Engineer
" 423,038 ",Takushi,Strehl,1/20/65,10/4/88,1/1/99,Senior Staff
" 423,204 ",Uma,Stranks,1/8/65,9/13/91,1/1/99,Senior Staff
" 423,208 ",Joydip,Krone,1/19/65,2/8/95,1/1/99,Engineer
" 423,214 ",Tsutomu,Tetzlaff,1/31/65,9/24/87,1/1/99,Senior Staff
" 423,327 ",Constantijn,Lichtman,1/27/65,6/26/94,1/1/99,Senior Staff
" 423,350 ",Heping,Monarch,1/4/65,4/15/88,1/1/99,Senior Staff
" 423,633 ",Mariusz,Tokunaga,1/30/65,2/11/85,1/1/99,Senior Engineer
" 423,993 ",Seshu,Kolvik,1/1/65,12/9/88,1/1/99,Technique Leader
" 424,569 ",Danco,Luff,1/14/65,10/30/97,1/1/99,Engineer
" 424,584 ",Kagan,Dredge,2/1/65,2/26/94,1/1/99,Senior Engineer
" 424,685 ",Changho,Veevers,1/10/65,3/3/97,1/1/99,Senior Staff
" 424,797 ",Theron,Itschner,1/19/65,5/16/85,1/1/99,Senior Staff
" 424,805 ",Jacqueline,Zallocco,1/24/65,12/17/87,1/1/99,Senior Staff
" 424,930 ",Xuejun,Reeker,1/19/65,11/18/88,1/1/99,Senior Staff
" 424,984 ",Vasilis,Waleschkowski,1/11/65,5/26/96,1/1/99,Engineer
" 425,437 ",Moni,Staudhammer,1/3/65,3/23/99,1/1/99,Engineer
" 425,535 ",Alagu,Vieri,1/18/65,8/23/86,1/1/99,Senior Staff
" 425,540 ",Paddy,Zumaque,1/3/65,11/12/95,1/1/99,Senior Staff
" 425,757 ",Yongdong,Jiang,1/18/65,10/13/90,1/31/95,Senior Staff
" 425,780 ",Paris,Range,1/15/65,10/25/89,1/1/99,Senior Staff
" 425,830 ",Guther,Conia,1/30/65,2/13/99,1/1/99,Engineer
" 425,875 ",Jahangir,Kroft,1/19/65,6/11/90,1/1/99,Senior Staff
" 426,153 ",Shahaf,Luce,1/16/65,4/6/99,1/1/99,Senior Staff
" 426,168 ",Kaijung,Mateescu,1/10/65,11/18/87,1/1/99,Senior Staff
" 426,228 ",Supot,Badache,1/17/65,8/17/96,1/1/99,Engineer
" 426,235 ",Danco,Rajala,1/31/65,3/29/91,1/1/99,Senior Staff
" 426,644 ",Zejun,Broomell,1/13/65,1/19/95,1/1/99,Senior Engineer
" 426,706 ",Karsten,Kawashima,1/7/65,3/15/94,1/1/99,Senior Engineer
" 426,795 ",Huican,Lunn,1/7/65,7/23/86,1/1/99,Senior Staff
" 426,818 ",Gaurav,Fendler,1/21/65,2/15/92,1/1/99,Senior Staff
" 426,819 ",Sandeepan,Kulisch,1/13/65,5/16/97,1/1/99,Engineer
" 426,824 ",Gopalakrishnan,Mawatari,1/25/65,12/7/97,1/1/99,Senior Staff
" 426,958 ",Weijing,Viele,1/19/65,10/3/85,1/1/99,Senior Engineer
" 427,313 ",Utpal,Kemmerer,1/31/65,12/4/86,1/1/99,Senior Staff
" 427,320 ",Mamdouh,Ramamoorthy,1/13/65,1/13/00,1/1/99,Senior Engineer
" 427,332 ",Feiyu,Hemaspaandra,1/20/65,6/4/95,1/1/99,Staff
" 427,571 ",Torsten,Ranta,1/20/65,12/11/87,7/3/95,Senior Engineer
" 427,776 ",Jaques,Navazio,1/25/65,4/4/89,1/1/99,Senior Staff
" 427,805 ",Haldun,Compeau,1/21/65,10/15/97,1/1/99,Senior Staff
" 427,823 ",Jaques,Gecsei,1/18/65,7/13/99,1/1/99,Staff
" 427,852 ",Adil,Kieras,1/2/65,7/20/92,1/1/99,Senior Engineer
" 428,082 ",Ronghao,Alpin,1/9/65,9/11/91,1/1/99,Senior Staff
" 428,160 ",Jamaludin,Kalorkoti,1/12/65,7/14/93,9/6/98,Senior Staff
" 428,195 ",Hatsukazu,Rosca,1/11/65,8/2/93,1/1/99,Senior Staff
" 428,219 ",Ghassan,Androutsos,1/21/65,12/26/87,1/1/99,Senior Staff
" 428,917 ",Theron,Billawala,1/23/65,2/17/89,1/1/99,Senior Engineer
" 429,087 ",Hugh,Senzako,1/27/65,10/15/92,1/1/99,Technique Leader
" 429,231 ",Kazuyasu,Schmiedel,1/9/65,9/7/85,1/1/99,Senior Staff
" 429,238 ",Mona,Luck,1/29/65,5/11/89,1/1/99,Senior Staff
" 429,249 ",Alassane,Wolniewicz,1/28/65,10/6/86,11/9/93,Senior Engineer
" 429,316 ",Seshu,Hiraishi,1/8/65,8/10/94,1/1/99,Senior Staff
" 429,381 ",Limsoon,Roohalamini,1/6/65,11/26/86,1/1/99,Senior Staff
" 429,481 ",Subhada,Emmerich,1/9/65,3/6/96,1/1/99,Engineer
" 429,520 ",Yongqiao,Francisci,1/6/65,12/1/99,1/1/99,Engineer
" 429,532 ",Bartek,Vendrig,1/25/65,6/6/92,1/1/99,Senior Staff
" 429,569 ",Fumiya,Chappelet,1/3/65,9/3/92,1/1/99,Engineer
" 429,703 ",Ung,Honglei,1/6/65,9/2/86,1/1/99,Senior Staff
" 429,899 ",Ranan,Marsiglia,1/30/65,8/13/99,1/1/99,Staff
" 429,954 ",Renny,Gladwell,1/26/65,2/27/99,1/1/99,Staff
" 430,054 ",Erzsebet,Setiz,1/22/65,6/10/93,1/1/99,Senior Engineer
" 430,558 ",Xiong,Roisin,1/7/65,3/1/88,1/1/99,Senior Engineer
" 430,593 ",Janalee,Lanzelotte,1/19/65,12/1/97,1/1/99,Senior Staff
" 430,631 ",Kersti,Marsiglia,1/17/65,2/19/94,1/1/99,Engineer
" 430,891 ",Khalil,Gien,1/6/65,8/6/91,1/1/99,Senior Engineer
" 431,576 ",Masamitsu,Back,1/6/65,4/12/93,1/1/99,Senior Staff
" 431,657 ",Visit,Thiran,1/31/65,11/14/86,1/1/99,Senior Engineer
" 431,882 ",Hideo,Varman,1/21/65,6/19/97,1/1/99,Engineer
" 431,887 ",Poorav,Ranst,1/5/65,6/1/96,1/1/99,Senior Engineer
" 432,031 ",Adamantios,Matzat,1/11/65,3/1/87,1/1/99,Senior Staff
" 432,034 ",Arfst,Uehara,1/24/65,7/10/94,1/1/99,Senior Staff
" 432,121 ",Alair,Straney,1/6/65,11/15/86,1/1/99,Senior Staff
" 432,257 ",Kwangjo,Hiltgen,1/20/65,12/22/98,1/1/99,Engineer
" 432,261 ",Arve,Bergere,1/30/65,7/28/87,1/1/99,Senior Engineer
" 432,399 ",Nitsan,Nollmann,1/19/65,9/10/90,9/29/93,Senior Engineer
" 432,523 ",Takahiro,Maquelin,1/21/65,7/21/97,1/1/99,Engineer
" 432,665 ",Flemming,Driscoll,1/2/65,5/28/94,1/1/99,Senior Engineer
" 432,787 ",Toshiko,Ibel,1/16/65,11/23/96,1/1/99,Senior Engineer
" 432,956 ",Qunsheng,Birrer,1/25/65,5/13/86,1/1/99,Senior Staff
" 433,059 ",Bojan,Montresor,1/2/65,2/4/95,1/1/99,Staff
" 433,157 ",Tomofumi,Serna,1/16/65,10/23/99,1/1/99,Staff
" 433,260 ",Make,Olivero,2/1/65,6/1/91,1/1/99,Engineer
" 433,438 ",Keiichiro,Miyakawa,1/6/65,9/12/93,1/1/99,Senior Staff
" 434,845 ",Takushi,Skogmar,1/11/65,6/7/85,1/1/99,Senior Staff
" 434,936 ",Sahrah,Rosis,1/15/65,6/24/94,1/1/99,Senior Engineer
" 435,042 ",Brigham,Borstler,1/10/65,10/9/95,1/1/99,Staff
" 435,060 ",Moie,Lieblein,1/16/65,7/12/96,1/1/99,Staff
" 435,181 ",Kazuhide,Fiutem,1/16/65,5/10/92,1/1/99,Senior Staff
" 435,289 ",Feixiong,Schurmann,1/4/65,2/15/87,1/1/99,Senior Staff
" 435,305 ",Berthier,Pramanik,1/21/65,1/23/93,1/1/99,Senior Staff
" 435,370 ",Conal,Basart,1/16/65,5/17/91,1/1/99,Senior Staff
" 435,588 ",Genta,Pepe,1/29/65,4/12/94,1/1/99,Senior Staff
" 435,602 ",Dietrich,Kranzdorf,1/29/65,10/4/92,1/1/99,Senior Staff
" 435,774 ",Olivera,Bharadwaj,1/9/65,4/1/92,1/1/99,Senior Staff
" 435,791 ",Hercules,Speer,1/7/65,3/7/94,1/1/99,Senior Engineer
" 436,558 ",Subir,Greibach,1/8/65,5/24/92,1/1/99,Senior Engineer
" 436,797 ",Ohad,Henders,1/24/65,11/3/90,1/1/99,Senior Staff
" 436,827 ",Wojceich,Limongiello,1/30/65,3/10/88,1/1/99,Senior Staff
" 436,915 ",Feixiong,Haraldson,1/13/65,10/11/98,1/1/99,Staff
" 437,276 ",Dines,DeMori,1/17/65,12/7/87,1/1/99,Senior Staff
" 437,369 ",Kazuhide,Biran,2/1/65,1/25/95,1/1/99,Senior Staff
" 437,395 ",Sumant,Thambidurai,1/21/65,8/24/96,1/1/99,Senior Staff
" 437,724 ",Erez,Luft,1/17/65,12/14/94,1/1/99,Staff
" 437,870 ",Kerhong,Lorho,1/7/65,3/17/01,1/1/99,Staff
" 438,038 ",Lena,Giaccio,1/1/65,3/17/99,10/3/01,Senior Staff
" 438,264 ",Rasikan,Barreiro,1/19/65,9/27/91,1/1/99,Senior Staff
" 438,557 ",Lidong,Swist,1/30/65,9/16/99,1/1/99,Engineer
" 439,377 ",Mari,Plessier,1/28/65,7/4/97,1/1/99,Senior Engineer
" 439,905 ",Kousuke,Levasseur,1/3/65,3/16/90,1/1/99,Senior Staff
" 439,924 ",Gunilla,Kisuki,1/30/65,8/14/94,1/1/99,Senior Staff
" 440,325 ",Douadi,Sullins,1/10/65,9/25/99,1/1/99,Senior Staff
" 440,435 ",Sandeepan,Rosti,1/3/65,11/26/91,1/1/99,Senior Engineer
" 440,450 ",Tzvetan,Scharstein,1/16/65,6/16/94,1/1/99,Senior Staff
" 440,642 ",Snehasis,Kalsbeek,1/14/65,1/6/88,1/1/99,Senior Staff
" 440,870 ",Filipp,Hasham,1/1/65,10/14/96,1/1/99,Senior Staff
" 440,937 ",Fabrizio,Usery,1/18/65,10/13/92,1/1/99,Senior Staff
" 441,197 ",Miquel,Legleitner,1/18/65,6/28/85,1/1/99,Senior Staff
" 441,536 ",Chinho,Collette,1/10/65,10/9/95,1/1/99,Senior Engineer
" 441,954 ",Leszek,Marchegay,1/3/65,6/13/99,1/1/99,Engineer
" 441,965 ",Claudi,Heijenga,1/12/65,8/30/88,1/1/99,Senior Staff
" 442,002 ",Ravishankar,Baig,1/3/65,3/17/92,1/1/99,Senior Staff
" 442,096 ",Martijn,DiGiano,1/15/65,6/15/90,1/1/99,Senior Engineer
" 442,312 ",Zengping,Cusworth,1/5/65,6/7/91,1/1/99,Senior Engineer
" 442,490 ",Navid,Luke,1/8/65,10/17/94,1/1/99,Engineer
" 442,653 ",Mona,Hebden,1/4/65,10/20/95,1/1/99,Engineer
" 442,700 ",Siddarth,Masada,1/6/65,8/11/97,1/1/99,Staff
" 442,898 ",Aksel,Gire,1/7/65,6/27/99,1/1/99,Engineer
" 443,108 ",Christfried,Atrawala,1/14/65,7/13/90,11/29/98,Senior Staff
" 443,485 ",Marke,Klerer,1/23/65,4/14/90,1/1/99,Senior Staff
" 443,841 ",Shaw,Kading,1/8/65,7/16/92,1/1/99,Senior Staff
" 443,873 ",Vatsa,Ramsay,1/20/65,2/4/94,6/16/00,Senior Staff
" 444,070 ",Heping,Skrikant,1/15/65,11/27/90,1/1/99,Senior Staff
" 444,099 ",Kousuke,Worfolk,1/28/65,3/22/88,1/1/99,Senior Staff
" 444,208 ",Irena,Cesareni,1/27/65,10/30/85,1/1/99,Senior Staff
" 444,465 ",Prasadram,Bultermann,1/13/65,10/25/98,1/1/99,Senior Engineer
" 444,487 ",Udi,Rullman,1/3/65,4/9/94,1/1/99,Senior Engineer
" 444,643 ",Berna,Schonegge,1/18/65,6/28/98,1/1/99,Staff
" 445,067 ",Eldridge,Kawashima,1/28/65,2/27/90,1/1/99,Senior Engineer
" 445,152 ",Heping,Peac,1/9/65,3/20/85,1/1/99,Senior Staff
" 445,226 ",Oscar,Baumann,1/1/65,1/22/87,1/1/99,Senior Engineer
" 445,570 ",Van,Nations,1/25/65,8/11/86,1/1/99,Technique Leader
" 445,723 ",Gaurav,Roison,1/31/65,10/22/86,7/12/91,Senior Staff
" 445,941 ",Masako,Dechter,1/11/65,9/25/85,1/1/99,Technique Leader
" 445,950 ",Ebru,Valtorta,1/23/65,12/9/92,1/1/99,Senior Engineer
" 446,121 ",Fay,Cochrane,1/11/65,12/13/99,1/1/99,Staff
" 446,306 ",Hercules,Kabayashi,1/22/65,6/10/91,1/1/99,Senior Engineer
" 446,424 ",DAIDA,Nooteboom,1/16/65,11/24/85,1/1/99,Senior Engineer
" 446,897 ",Takahiro,Dalton,1/22/65,9/30/92,1/1/99,Technique Leader
" 446,959 ",Aram,Passino,1/29/65,1/28/95,1/1/99,Senior Engineer
" 447,018 ",Dannz,Miara,1/17/65,12/4/92,1/1/99,Senior Engineer
" 447,135 ",Gennady,Rouquie,1/31/65,8/24/89,1/1/99,Senior Staff
" 447,232 ",Aleksander,Schaaf,1/22/65,1/10/00,1/1/99,Senior Staff
" 447,376 ",Kirk,Zongker,1/7/65,12/10/99,1/1/99,Staff
" 447,544 ",Stabislas,Kakkad,1/22/65,2/19/89,1/1/99,Senior Staff
" 447,613 ",Paris,Restivo,1/15/65,11/21/86,1/1/99,Senior Engineer
" 447,877 ",Make,Heuser,1/13/65,7/2/88,1/1/99,Senior Engineer
" 447,931 ",Martijn,Jeong,1/11/65,12/14/90,1/1/99,Senior Staff
" 447,966 ",Kamakshi,Hebert,1/5/65,1/17/97,1/1/99,Senior Engineer
" 447,982 ",Shiv,Baezner,1/25/65,12/17/90,1/1/99,Senior Engineer
" 447,999 ",Shiv,Vilarrasa,1/5/65,8/1/90,1/1/99,Senior Engineer
" 448,769 ",Mong,Dichev,1/18/65,10/11/97,1/1/99,Technique Leader
" 448,900 ",Mart,Talmor,1/16/65,5/11/99,1/1/99,Staff
" 448,918 ",Chiradeep,Arlazarov,1/23/65,10/6/89,1/1/99,Senior Engineer
" 448,994 ",Haldun,Syang,1/12/65,2/11/97,1/1/99,Staff
" 449,189 ",Jahangir,Bernatsky,1/30/65,9/30/95,1/1/99,Senior Staff
" 449,815 ",Fumitaka,Quittner,1/27/65,4/20/88,1/1/99,Senior Staff
" 449,984 ",Hinrich,Perin,2/1/65,11/20/85,1/1/99,Senior Engineer
" 450,184 ",Selwyn,Henseler,1/11/65,3/9/93,1/1/99,Senior Engineer
" 450,255 ",Udo,Waymire,1/31/65,6/14/86,1/1/99,Technique Leader
" 450,309 ",Gill,Orlowska,1/8/65,12/25/86,1/1/99,Technique Leader
" 450,475 ",Saeed,Bahl,1/21/65,1/29/91,1/1/99,Senior Staff
" 450,817 ",DAIDA,Frolund,1/10/65,7/17/87,1/1/99,Senior Engineer
" 450,888 ",Sedat,Rande,1/3/65,3/25/95,1/1/99,Senior Staff
" 450,934 ",Chanjung,Raoux,1/23/65,5/25/92,1/1/99,Senior Engineer
" 450,936 ",Yuriy,Ponthieu,1/18/65,12/11/91,1/1/99,Senior Staff
" 451,253 ",Jaihie,Ozeri,1/15/65,6/21/91,1/1/99,Senior Staff
" 451,272 ",Jacopo,Krohm,1/2/65,4/24/91,1/1/99,Senior Engineer
" 451,275 ",Bedrich,Isard,1/25/65,6/7/86,1/1/99,Senior Staff
" 451,333 ",Radhika,Bonifati,1/15/65,3/11/95,1/1/99,Senior Staff
" 452,137 ",Subir,Miake,1/15/65,1/9/99,1/1/99,Senior Engineer
" 452,206 ",Arra,Esposito,1/22/65,11/3/94,1/1/99,Staff
" 452,325 ",Taiji,Berstel,1/14/65,12/2/96,1/1/99,Senior Engineer
" 452,347 ",Shigeichiro,Brattka,1/7/65,7/13/96,1/1/99,Senior Staff
" 452,365 ",Fei,Gadepally,1/5/65,11/13/88,1/1/99,Engineer
" 452,956 ",Gou,Thombley,1/17/65,11/7/90,1/1/99,Senior Engineer
" 452,957 ",Alair,Nanard,1/3/65,2/10/96,1/1/99,Staff
" 452,982 ",Lobel,Aloia,1/29/65,12/29/94,1/1/99,Senior Staff
" 453,070 ",Aran,Rosenbaum,1/6/65,4/25/91,1/1/99,Senior Staff
" 453,154 ",Gao,Lally,1/3/65,3/1/96,1/1/99,Staff
" 453,644 ",Berni,Takkinen,1/7/65,6/8/92,1/1/99,Senior Staff
" 453,688 ",Chinya,Leslie,1/24/65,10/28/95,1/1/99,Engineer
" 453,723 ",Arne,Kohling,1/15/65,12/13/85,1/1/99,Senior Engineer
" 453,760 ",Ewing,Rajala,1/13/65,6/21/96,1/1/99,Senior Staff
" 453,790 ",Fai,Keirsey,1/11/65,10/12/94,1/1/99,Senior Engineer
" 453,913 ",Stein,Perng,1/23/65,4/29/93,1/1/99,Senior Staff
" 454,338 ",Mohammed,Georg,1/24/65,8/3/98,1/1/99,Engineer
" 454,378 ",Gina,Ossenbruggen,1/6/65,1/3/98,1/1/99,Technique Leader
" 454,736 ",Nechama,Ermel,1/24/65,6/5/95,1/1/99,Engineer
" 454,791 ",Xiaoqiu,Pietracaprina,1/22/65,7/9/94,1/1/99,Senior Engineer
" 454,825 ",Kamakshi,Schusler,1/2/65,5/25/95,1/1/99,Senior Engineer
" 454,994 ",Mohan,Picht,1/1/65,2/24/91,1/1/99,Senior Engineer
" 455,175 ",Soenke,Zaumen,1/14/65,2/22/92,1/1/99,Senior Staff
" 455,284 ",Luisa,Baig,1/9/65,7/12/96,1/1/99,Senior Engineer
" 455,726 ",Qiwen,Kriebel,1/8/65,12/13/87,1/1/99,Senior Staff
" 455,814 ",Giao,DuCasse,1/28/65,7/19/91,1/1/99,Senior Engineer
" 455,914 ",Peer,Angelopoulos,1/1/65,7/23/89,1/1/99,Senior Engineer
" 456,767 ",Tetsurou,Schreiter,1/24/65,7/17/87,1/1/99,Senior Staff
" 456,982 ",Shounak,Dratva,1/7/65,1/5/89,1/1/99,Senior Engineer
" 457,070 ",Gay,Plavsic,1/25/65,8/6/87,1/1/99,Senior Staff
" 457,146 ",Jinpo,Heyers,1/20/65,1/7/99,1/1/99,Staff
" 457,305 ",Sorina,Lakshmanan,1/15/65,9/3/94,1/1/99,Staff
" 457,337 ",Xumin,Beidas,1/31/65,4/27/95,1/1/99,Technique Leader
" 457,411 ",Xudong,Peck,1/13/65,4/18/88,1/1/99,Senior Engineer
" 457,489 ",Berna,Ranst,1/24/65,5/14/85,1/1/99,Senior Engineer
" 457,611 ",Indrajit,Krogh,1/9/65,9/18/98,1/1/99,Engineer
" 457,776 ",Florian,Siepmann,1/15/65,12/21/87,1/1/99,Senior Engineer
" 457,813 ",Foong,Gargeya,1/28/65,1/24/92,1/1/99,Senior Engineer
" 457,832 ",Jackson,Zielinski,2/1/65,9/12/97,1/1/99,Senior Engineer
" 457,938 ",Arch,Picco,1/14/65,10/22/97,1/1/99,Senior Staff
" 458,111 ",Florian,Tramer,1/23/65,11/7/99,1/1/99,Engineer
" 458,134 ",Thanasis,Standera,1/11/65,3/20/85,1/1/99,Senior Staff
" 458,191 ",George,Atchley,1/28/65,7/2/97,1/1/99,Staff
" 458,383 ",Mabhin,Foote,1/6/65,4/23/99,1/1/99,Engineer
" 458,726 ",Shahaf,Kitai,1/13/65,12/26/86,1/1/99,Senior Staff
" 458,790 ",Ramya,Azadmanesh,1/17/65,11/19/88,1/1/99,Senior Engineer
" 459,172 ",Val,Rissanen,1/19/65,11/20/93,1/1/99,Engineer
" 459,356 ",Pramod,Wendorf,1/21/65,12/25/98,1/1/99,Engineer
" 459,429 ",Mohit,Verhaegen,1/14/65,5/27/92,1/1/99,Senior Staff
" 459,685 ",Hirochika,Goldhammer,2/1/65,3/12/98,1/1/99,Engineer
" 460,131 ",Adly,Hambrick,1/16/65,7/25/97,1/1/99,Staff
" 460,691 ",Munehiko,Gihr,1/16/65,12/6/89,1/1/99,Senior Staff
" 460,707 ",Yoshinari,Lanteri,1/7/65,12/25/96,1/1/99,Senior Engineer
" 460,920 ",Remzi,Mitzlaff,1/22/65,4/6/86,1/1/99,Senior Staff
" 461,120 ",Shietung,Gelosh,1/18/65,3/26/96,4/1/01,Senior Engineer
" 461,270 ",Mrinalini,Mawatari,1/10/65,1/3/96,1/1/99,Staff
" 461,801 ",Sumali,Cooman,1/3/65,2/16/92,4/18/93,Senior Staff
" 462,493 ",Paloma,Gerlach,1/12/65,7/26/88,1/1/99,Senior Engineer
" 462,795 ",Somnath,Cummings,1/5/65,7/10/94,1/1/99,Senior Staff
" 463,023 ",Itzchak,Penn,1/6/65,1/21/99,1/1/99,Staff
" 463,099 ",Jinxi,Schmiedel,1/15/65,9/21/90,1/1/99,Senior Staff
" 463,212 ",Ramya,Rossi,1/9/65,3/2/87,9/2/01,Senior Engineer
" 463,472 ",Jaber,Sethi,1/11/65,6/6/95,6/11/00,Technique Leader
" 463,495 ",Alenka,Barriga,1/28/65,5/6/88,1/1/99,Senior Staff
" 464,284 ",Huiqun,Henders,1/20/65,5/19/93,1/1/99,Senior Staff
" 464,303 ",Abdelghani,Nyrup,1/22/65,8/2/86,1/1/99,Senior Staff
" 465,062 ",Stafford,Gist,1/29/65,5/7/88,1/1/99,Senior Engineer
" 465,076 ",Tokuyasu,Ghelli,1/19/65,5/5/85,1/1/99,Senior Engineer
" 465,085 ",Vidar,Gunderson,1/18/65,3/18/96,1/1/99,Senior Staff
" 465,409 ",Shahid,Varman,1/30/65,8/27/85,1/1/99,Senior Staff
" 465,501 ",Mrinalini,Gire,1/5/65,11/9/92,1/1/99,Senior Staff
" 465,711 ",Lakshmi,Frijda,1/6/65,4/21/90,1/1/99,Senior Engineer
" 465,853 ",Kwan,Kampfer,1/1/65,10/16/98,1/1/99,Staff
" 465,874 ",Herb,Picht,1/12/65,5/31/85,1/1/99,Engineer
" 466,064 ",Temple,Danlos,1/31/65,6/13/94,1/1/99,Senior Staff
" 466,367 ",Hiroyasu,Strandh,1/5/65,6/5/89,1/1/99,Senior Staff
" 466,509 ",Bezalel,Verhoeff,1/26/65,3/22/88,1/1/99,Senior Engineer
" 466,603 ",Yechezkel,Nourani,1/23/65,8/1/91,1/1/99,Senior Staff
" 466,745 ",Boalin,Birsak,1/26/65,10/16/95,1/1/99,Senior Staff
" 467,176 ",Przemyslawa,Borovoy,1/5/65,6/18/93,1/1/99,Senior Staff
" 467,269 ",Nahum,Lambe,1/18/65,8/31/89,1/1/99,Technique Leader
" 467,392 ",Mariusz,Rikino,1/7/65,4/13/95,1/1/99,Senior Engineer
" 467,441 ",Margareta,Bondorf,1/13/65,11/7/88,1/1/99,Senior Engineer
" 467,591 ",Kiyotoshi,Hennebert,1/17/65,9/21/97,3/6/01,Staff
" 467,886 ",Sivanarayana,Chandrasekhar,1/2/65,1/24/96,1/1/99,Senior Staff
" 467,918 ",Tsuneo,Skrikant,1/3/65,10/21/97,1/1/99,Staff
" 468,360 ",Huei,Saoudi,1/12/65,8/10/94,1/1/99,Technique Leader
" 468,417 ",Kamakshi,Huhdanpaa,1/25/65,8/26/93,1/1/99,Senior Engineer
" 468,659 ",Ranga,Lemarechal,1/18/65,11/5/89,1/1/99,Senior Engineer
" 468,773 ",Baziley,Brookner,1/27/65,9/22/93,1/1/99,Senior Engineer
" 469,104 ",Nadjib,Comellas,1/21/65,4/18/96,1/22/99,Senior Engineer
" 469,253 ",Baruch,Basawa,1/17/65,9/17/93,1/1/99,Senior Engineer
" 469,269 ",Weiyi,Codenie,1/23/65,5/27/89,1/1/99,Senior Engineer
" 469,366 ",Aiman,Wilfing,1/12/65,12/30/90,1/1/99,Senior Engineer
" 469,399 ",Hongzhu,Ruemmler,1/25/65,6/6/00,1/1/99,Engineer
" 469,527 ",Halsur,Ibel,1/24/65,3/5/98,1/1/99,Staff
" 469,529 ",Neven,Rikino,1/7/65,10/21/88,1/1/99,Senior Engineer
" 469,735 ",Arif,Stranks,1/30/65,11/16/92,1/1/99,Senior Engineer
" 469,867 ",Hein,Jonsson,1/23/65,2/12/85,1/1/99,Senior Staff
" 470,456 ",Reuven,Oehlmann,1/13/65,3/29/86,1/1/99,Senior Staff
" 470,472 ",Zhiguo,Staudhammer,2/1/65,12/3/85,1/1/99,Senior Engineer
" 471,397 ",Nigel,Zirintsis,2/1/65,1/3/99,7/23/99,Engineer
" 471,532 ",Feiyu,Decleir,1/17/65,9/13/98,1/1/99,Technique Leader
" 471,552 ",Basem,Lortz,1/22/65,10/25/97,1/1/99,Staff
" 471,911 ",Arun,Zaccaria,1/14/65,5/31/90,1/1/99,Engineer
" 471,939 ",Kazuhiko,Marshall,1/27/65,6/4/01,1/1/99,Staff
" 472,052 ",Godehard,Chinal,1/26/65,12/9/95,1/1/99,Assistant Engineer
" 472,143 ",Yahiko,Sommen,1/25/65,8/14/96,1/1/99,Senior Staff
" 472,238 ",Jungsoon,Gubsky,1/31/65,10/9/90,1/1/99,Senior Engineer
" 472,790 ",Zhenbing,Ibel,1/23/65,10/29/85,1/1/99,Senior Engineer
" 472,950 ",Weidon,Fordan,1/29/65,3/27/86,1/1/99,Senior Engineer
" 473,268 ",Hugo,Sgarro,1/1/65,4/24/92,1/1/99,Senior Staff
" 473,299 ",Khaled,Penn,1/12/65,5/19/92,1/1/99,Senior Staff
" 473,490 ",Pantung,Reeker,1/6/65,5/11/92,1/1/99,Senior Staff
" 473,940 ",Avishai,Majewski,1/16/65,1/10/98,1/1/99,Engineer
" 474,331 ",Sugwoo,Eugenio,1/29/65,3/2/94,1/1/99,Senior Staff
" 474,763 ",Mayuko,Clouatre,1/7/65,9/4/97,1/1/99,Engineer
" 474,796 ",Zongyan,Shackel,1/10/65,8/17/87,1/1/99,Technique Leader
" 475,087 ",Genevieve,Snedden,1/31/65,10/21/88,1/1/99,Senior Engineer
" 475,258 ",Fumiyo,Feinberg,1/10/65,2/12/00,1/1/99,Senior Staff
" 475,538 ",Christophe,Leaver,1/15/65,10/31/98,1/1/99,Staff
" 475,938 ",Shigeaki,Lanteri,1/14/65,2/17/89,1/1/99,Senior Engineer
" 475,965 ",Rimon,Pietracaprina,1/2/65,7/10/85,1/1/99,Senior Engineer
" 476,055 ",Girolamo,Schlumberger,1/3/65,3/7/93,1/1/99,Senior Staff
" 476,122 ",Khun,Spieker,1/4/65,5/7/95,1/1/99,Engineer
" 476,327 ",Reinhold,Binkley,1/31/65,5/29/95,1/1/99,Senior Engineer
" 476,361 ",Doohun,Preusig,1/9/65,4/13/85,4/28/93,Technique Leader
" 477,350 ",Terresa,Vigier,1/1/65,7/8/98,1/1/99,Staff
" 477,578 ",Marit,Paludetto,1/23/65,9/30/90,1/1/99,Senior Engineer
" 477,969 ",Bluma,Mundy,1/18/65,10/18/91,1/1/99,Senior Engineer
" 478,007 ",Fumino,Narahara,1/6/65,9/21/91,1/1/99,Senior Engineer
" 478,170 ",Doowon,Schoegge,1/22/65,4/13/95,1/1/99,Engineer
" 478,218 ",Djenana,Erol,1/2/65,12/3/99,1/1/99,Engineer
" 478,439 ",Yuichiro,Bale,1/15/65,11/4/97,1/1/99,Technique Leader
" 478,768 ",Arun,Katzenelson,1/3/65,10/28/91,1/1/99,Senior Engineer
" 478,799 ",Shaw,Borovoy,1/18/65,5/11/91,1/1/99,Senior Staff
" 478,833 ",Pradeep,Valiente,1/30/65,9/19/92,1/1/99,Senior Engineer
" 478,858 ",Hidekazu,Perna,1/20/65,11/8/99,1/1/99,Staff
" 479,024 ",Ewing,Kalorkoti,1/3/65,12/21/96,1/1/99,Engineer
" 479,407 ",Randi,Tomescu,1/18/65,11/25/86,1/1/99,Senior Engineer
" 479,601 ",Kayoko,Bahi,1/19/65,2/19/97,1/1/99,Staff
" 479,695 ",Masamitsu,Murrill,1/6/65,6/27/96,6/23/99,Senior Staff
" 480,035 ",Sukumar,Georg,1/26/65,8/26/90,1/1/99,Senior Staff
" 480,066 ",Suebskul,Menhardt,1/31/65,7/26/94,1/1/99,Senior Engineer
" 480,178 ",Uinam,Rahier,1/3/65,2/10/91,1/1/99,Senior Staff
" 480,268 ",Gaurav,Cheshire,1/18/65,3/30/89,1/1/99,Technique Leader
" 480,407 ",Deniz,Bennis,1/1/65,6/24/89,1/1/99,Senior Engineer
" 481,050 ",Weiru,Burnard,1/16/65,10/15/90,1/1/99,Senior Staff
" 481,213 ",Shigehiro,Haldar,1/8/65,12/14/91,1/1/99,Senior Staff
" 481,397 ",Luisa,Chelton,1/31/65,8/13/98,1/1/99,Assistant Engineer
" 481,764 ",Teiji,Marrakchi,1/27/65,8/26/86,1/1/99,Senior Engineer
" 481,790 ",Haldun,Erie,1/22/65,9/12/96,1/1/99,Senior Engineer
" 482,335 ",Kwangyoen,Peck,1/26/65,1/16/94,1/1/99,Engineer
" 482,354 ",Jayson,Zockler,1/23/65,11/6/99,1/1/99,Staff
" 482,755 ",Jouni,Conia,1/3/65,10/31/94,1/1/99,Senior Staff
" 482,885 ",Shaunak,Brizzi,1/29/65,9/2/88,1/1/99,Senior Engineer
" 482,905 ",Aral,Hebden,1/16/65,9/10/91,1/1/99,Senior Staff
" 482,944 ",Duke,Journel,1/26/65,10/26/91,1/1/99,Senior Staff
" 483,401 ",Rosita,Pokrovskii,1/10/65,8/3/96,1/1/99,Senior Staff
" 483,675 ",Hausi,Kamber,1/22/65,2/16/88,1/1/99,Senior Engineer
" 483,825 ",Marek,Mitchem,1/22/65,11/20/92,1/1/99,Senior Engineer
" 483,838 ",Sham,Kavanagh,1/3/65,12/18/97,1/1/99,Assistant Engineer
" 483,978 ",Dung,Tanemo,1/24/65,1/28/90,1/1/99,Senior Staff
" 484,126 ",Manton,Lueh,1/5/65,4/7/89,1/1/99,Senior Staff
" 484,142 ",Perry,Cooman,1/5/65,4/23/87,1/1/99,Senior Staff
" 484,498 ",Herbert,Hammerschmidt,1/26/65,8/22/96,1/1/99,Senior Engineer
" 484,756 ",Phule,Ruemmler,1/16/65,8/9/90,1/1/99,Senior Engineer
" 485,253 ",Gladys,Parhami,1/14/65,7/20/96,1/1/99,Senior Staff
" 485,489 ",Keiichiro,Armand,1/1/65,12/14/86,1/1/99,Senior Engineer
" 485,577 ",Rafael,Menhoudj,1/30/65,4/27/97,1/1/99,Senior Engineer
" 485,579 ",Munehiro,Iwayama,1/18/65,12/16/86,1/1/99,Senior Engineer
" 485,799 ",Yoshimitsu,Litvinov,1/27/65,11/22/97,1/1/99,Senior Staff
" 485,817 ",Mahmut,Bolotov,1/29/65,2/21/97,1/1/99,Engineer
" 486,068 ",Yefim,Bernardeschi,1/11/65,6/26/96,1/1/99,Senior Staff
" 486,808 ",Geoffrey,Siochi,1/5/65,12/27/98,1/1/99,Senior Engineer
" 486,918 ",Yagil,Remmers,1/18/65,11/1/94,1/1/99,Senior Staff
" 486,956 ",Matt,Ruemmler,1/1/65,10/14/93,1/1/99,Engineer
" 486,958 ",Tonny,Kropf,1/6/65,7/30/86,1/1/99,Senior Engineer
" 487,008 ",Zhigen,Raney,1/22/65,5/26/93,1/1/99,Senior Staff
" 487,505 ",Uno,Jayawardene,1/20/65,11/2/87,1/1/99,Senior Staff
" 487,988 ",Ekawit,Schaft,1/5/65,5/20/90,1/1/99,Senior Staff
" 488,095 ",Francoise,Hegner,1/24/65,12/23/97,1/1/99,Senior Staff
" 488,142 ",Denis,Narlikar,1/5/65,7/1/91,1/1/99,Senior Staff
" 488,482 ",Kensyu,Tsunoo,1/30/65,12/5/99,1/1/99,Engineer
" 488,540 ",Breannda,Maquelin,1/22/65,4/12/96,1/1/99,Senior Staff
" 488,619 ",Georgy,Bennis,1/25/65,4/11/98,1/1/99,Engineer
" 488,693 ",Jiong,Zultner,1/27/65,3/10/93,1/1/99,Senior Engineer
" 488,707 ",Mihalis,Remmers,1/16/65,3/1/90,1/1/99,Senior Staff
" 488,752 ",Nimmagadda,Baja,1/23/65,2/9/94,1/1/99,Senior Staff
" 488,788 ",Wuxu,Garigliano,1/12/65,9/21/90,1/1/99,Senior Staff
" 488,984 ",Kendra,Junet,1/18/65,2/28/86,11/12/92,Senior Staff
" 489,755 ",Matk,Chorvat,1/14/65,12/4/99,1/1/99,Senior Staff
" 489,756 ",Kersti,Miculan,1/1/65,6/9/92,1/1/99,Senior Staff
" 489,928 ",Satoru,Janetzko,1/28/65,7/26/97,1/1/99,Assistant Engineer
" 490,551 ",Lalit,Lindqvist,1/1/65,11/7/98,1/1/99,Engineer
" 490,557 ",Luise,Vigier,1/27/65,7/1/94,1/1/99,Senior Engineer
" 490,568 ",Zita,Reistad,1/1/65,7/23/98,1/1/99,Senior Engineer
" 490,720 ",Younwoo,Samarati,1/19/65,5/18/02,1/1/99,Senior Engineer
" 491,079 ",Kwangsub,Keirsey,1/6/65,2/4/92,1/1/99,Senior Engineer
" 491,162 ",Panayotis,Hempstead,1/14/65,8/29/94,1/1/99,Senior Engineer
" 491,478 ",Gill,Varman,1/16/65,6/18/88,1/1/99,Senior Staff
" 491,596 ",Charmane,Pargas,1/21/65,7/29/88,8/3/92,Senior Engineer
" 491,632 ",Gadiel,Perly,1/1/65,10/20/86,1/1/99,Senior Staff
" 492,000 ",Valeska,Cools,1/10/65,12/16/93,1/1/99,Senior Staff
" 492,052 ",Udo,Ratnakar,1/11/65,11/30/99,1/1/99,Staff
" 492,217 ",Heekeun,Verhaegen,1/16/65,9/28/91,1/1/99,Senior Engineer
" 492,639 ",Sanjoy,Porenta,1/30/65,7/10/97,1/1/99,Engineer
" 492,677 ",Goetz,McAffer,1/26/65,2/5/88,1/1/99,Senior Engineer
" 493,031 ",Hironoby,Jakobus,1/23/65,7/30/91,1/1/99,Senior Staff
" 493,048 ",Muzhong,Berztiss,1/31/65,1/23/95,1/1/99,Senior Staff
" 493,096 ",Sachem,Msuda,1/31/65,4/7/95,1/1/99,Engineer
" 493,744 ",Leni,Kropatsch,1/14/65,7/17/97,1/1/99,Senior Engineer
" 494,019 ",Morrie,Iisaku,1/16/65,5/6/91,1/1/99,Senior Staff
" 494,088 ",Phule,Dahlbom,1/10/65,2/6/89,1/1/99,Senior Engineer
" 494,493 ",Masasuke,Koprowski,1/10/65,11/20/96,1/1/99,Staff
" 494,995 ",Yongmao,Pouyioutas,1/4/65,8/24/89,1/1/99,Senior Staff
" 496,100 ",Pranjal,Reinhard,1/7/65,5/8/95,1/1/99,Staff
" 496,970 ",Giordano,Maquelin,1/3/65,12/31/99,1/1/99,Senior Engineer
" 496,978 ",Danco,Debuse,1/30/65,9/10/93,1/1/99,Senior Staff
" 497,007 ",Oldrich,Adachi,1/23/65,4/3/97,8/9/98,Senior Engineer
" 497,174 ",Sanjiv,Bressoud,1/2/65,4/27/93,1/1/99,Senior Engineer
" 497,340 ",Fayez,Keohane,1/6/65,9/19/90,1/1/99,Senior Staff
" 497,391 ",Paris,Lieblein,1/30/65,5/19/99,1/1/99,Engineer
" 497,835 ",Shuho,Laurillard,1/29/65,10/6/99,1/1/99,Technique Leader
" 498,185 ",Caolyn,Marciano,1/19/65,6/6/99,1/1/99,Senior Engineer
" 498,337 ",Naraig,Docker,1/30/65,5/17/97,1/1/99,Staff
" 498,456 ",Geraldo,Gerteisen,1/17/65,6/5/87,1/1/99,Senior Staff
" 498,635 ",Florian,Pezzoli,1/9/65,7/22/88,1/1/99,Senior Staff
" 498,838 ",Sanjay,Ciolek,1/16/65,12/13/89,1/1/99,Senior Staff
" 498,845 ",Arumugam,Pelc,1/9/65,11/13/99,1/1/99,Senior Engineer
" 498,955 ",Nechama,Kandlur,1/13/65,1/16/95,1/1/99,Senior Engineer
" 499,194 ",Padma,Delgrange,1/29/65,1/2/98,8/27/99,Senior Staff
" 499,260 ",Danae,Honglei,1/11/65,9/14/98,1/1/99,Engineer
" 499,495 ",Baoqiu,Kakkar,1/14/65,8/30/99,1/1/99,Engineer